episode,total_reward,length,xscroll,coins,lives,score,time_left,total_timesteps
1,376.4,2380,976,21,-1,2425,345,5655136
2,472.6,2836,1311,18,-1,380,397,5658784
3,489.3,2842,1316,21,-1,440,396,5658832
4,701.25,2911,1892,18,-1,410,381,5659384
5,889.3,3170,2357,21,-1,500,352,5661456
6,-32.7,3938,73,27,-1,2675,396,5667600
7,1063.4,5196,3058,20,-1,450,0,5677664
8,278.15,2885,706,28,-1,1815,363,5678216
9,1067.75,5421,3047,24,-1,690,0,5679464
10,1105.3,2886,3074,4,-1,130,0,5681872
11,719.95,2881,1910,20,-1,440,386,5682432
12,913.25,2983,2356,24,-1,510,372,5685320
13,707.2,2916,1895,19,-1,440,384,5690928
14,470.15,2833,1317,17,-1,360,397,5700880
15,1056.05,5375,3037,22,-1,540,0,5701832
16,410.7,2742,1007,29,-1,2165,276,5703808
17,893.55,3369,2355,24,-1,610,352,5704616
18,479.9,2978,1322,20,-1,440,396,5709144
19,467.55,2837,1311,17,-1,360,396,5713624
20,546.75,845,1410,5,-1,140,394,5715904
21,225.85,2071,561,21,-1,1755,356,5717448
22,1060.35,5209,3027,22,-1,500,0,5721136
23,783.3,5474,2355,23,-1,550,358,5726224
24,610.7,3114,1641,22,-1,500,388,5726744
25,460.5,2862,1309,16,-1,350,397,5727512
26,884.25,3255,2355,21,-1,580,356,5729848
27,578.65,599,1309,17,-1,360,397,5731016
28,692.55,2897,1906,15,-1,340,386,5736800
29,63.1,4006,371,23,-1,2210,368,5749496
30,716.75,2937,1884,22,-1,480,377,5750240
31,1061.55,5265,3037,22,-1,500,0,5758024
32,910.4,3024,2354,24,-1,520,364,5760992
33,1055.45,5203,3064,18,-1,420,0,5762760
34,1043.4,5204,3034,18,-1,410,0,5769144
35,1055.6,5244,3032,21,-1,490,0,5771800
36,1083.3,5210,3047,25,-1,620,0,5772696
37,492.4,2904,1319,22,-1,490,397,5773472
38,689.8,3148,1843,22,-1,510,384,5774680
39,473.1,2830,1324,17,-1,370,397,5780664
40,465.1,2978,1310,18,-1,380,397,5784816
41,468.25,3027,1324,18,-1,460,396,5793360
42,588.2,2924,1561,22,-1,470,393,5796088
43,201.75,4405,755,24,-1,2415,328,5798000
44,310.8,676,799,5,-1,120,370,5803408
45,220.8,3808,703,26,-1,2370,354,5805144
46,1189.1,2994,3047,24,-1,500,0,5808768
47,168.6,4648,715,23,-1,1985,358,5810656
48,223.2,500,558,5,-1,100,381,5812768
49,361.75,5245,1310,20,-1,440,397,5813760
50,316.3,630,807,5,-1,120,373,5815696
51,716.2,3032,1907,21,-1,470,386,5817616
52,299.4,1972,720,22,-1,2405,348,5820920
53,976.0,5344,3033,6,-1,210,0,5823416
54,71.5,5054,548,21,-1,1490,338,5836520
55,1101.95,3337,3047,10,-1,300,0,5839464
56,892.75,2993,2356,20,-1,460,368,5839640
57,990.3,3426,2654,20,-1,480,355,5841168
58,586.6,5300,1904,18,-1,410,384,5845808
59,898.85,3163,2355,23,-1,510,367,5848720
60,462.05,1599,1055,24,-1,2515,308,5852256
61,690.5,1946,1907,5,-1,190,386,5855208
62,301.85,2435,734,26,-1,1450,365,5860648
63,524.8,5288,1673,24,-1,560,387,5863224
64,1043.15,5905,3071,22,-1,510,0,5864856
65,657.55,725,1672,5,-1,170,388,5866448
66,463.5,2834,1313,16,-1,380,397,5868480
67,1078.6,5228,3075,22,-1,510,0,5878344
68,254.45,2955,718,23,-1,1450,340,5878848
69,22.75,2389,68,23,-1,2355,396,5885560
70,502.45,2987,1392,19,-1,410,394,5887120
71,568.6,3108,1560,20,-1,440,393,5889720
72,1048.6,5232,3038,19,-1,490,0,5890576
73,1064.45,5207,3037,22,-1,500,0,5893912
74,522.65,2979,1429,20,-1,430,395,5902176
75,1059.1,5286,3046,21,-1,460,0,5910768
76,976.55,3049,2560,21,-1,460,0,5911512
77,558.2,2880,1518,19,-1,430,389,5912760
78,500.1,2826,1391,17,-1,360,395,5916520
79,1062.9,5262,3040,22,-1,530,0,5920944
80,473.5,3058,1316,20,-1,580,397,5926640
81,1068.15,5341,3063,22,-1,570,0,5928288
82,500.35,573,1310,1,-1,50,397,5932872
83,785.1,5486,2361,23,-1,590,356,5934464
84,562.3,3034,1560,18,-1,420,393,5935040
85,882.6,3088,2355,19,-1,460,357,5937464
86,1090.0,2920,3040,4,-1,130,0,5939880
87,396.9,802,1030,5,-1,140,374,5941456
88,82.1,5310,819,4,-1,150,0,5953992
89,188.2,2076,480,20,-1,2045,337,5958064
90,274.15,5009,999,25,-1,1835,340,5961016
91,140.55,4005,602,20,-1,2390,365,5964912
92,1071.5,5422,3069,23,-1,550,0,5970016
93,298.8,2340,752,23,-1,2965,336,5976784
94,989.3,3218,2613,21,-1,480,360,5979736
95,1045.75,5349,3033,20,-1,440,0,5980256
96,597.4,5304,1894,21,-1,500,385,5982312
97,394.35,701,1011,5,-1,120,372,5985864
98,889.45,3183,2359,21,-1,580,368,5986480
99,945.7,7610,3053,21,-1,590,0,5995344
100,288.15,3001,1033,5,-1,120,357,6000792
101,901.05,3043,2358,22,-1,490,363,6004080
102,403.85,5239,1427,19,-1,430,395,6011928
103,1083.85,3259,3042,6,-1,230,0,6011936
104,1124.65,4043,3042,22,-1,470,0,6018824
105,1053.3,5346,3039,21,-1,500,0,6025080
106,955.2,7612,3027,25,-1,600,0,6025808
107,1011.0,3180,2650,22,-1,520,359,6026232
108,814.35,3161,2356,6,-1,250,366,6037224
109,788.35,5473,2355,24,-1,690,358,6039128
110,922.85,991,2356,6,-1,210,370,6045152
111,1052.3,5326,3034,21,-1,490,0,6046688
112,717.15,2913,1907,20,-1,440,387,6048384
113,914.1,3042,2353,25,-1,560,371,6050568
114,571.15,5313,1817,22,-1,570,383,6054432
115,96.05,4507,541,21,-1,1845,372,6061864
116,1046.55,5493,3028,22,-1,540,0,6062768
117,35.4,1924,79,20,-1,2050,395,6063776
118,892.35,3201,2356,22,-1,520,367,6072296
119,571.2,3040,1558,20,-1,460,393,6074888
120,503.0,2876,1317,24,-1,530,397,6077440
121,873.15,5449,2614,20,-1,480,361,6082720
122,782.35,5377,2353,22,-1,530,374,6088168
123,188.05,4271,754,20,-1,2250,329,6096936
124,879.35,3185,2359,19,-1,440,370,6097776
125,1072.95,5201,3045,23,-1,540,0,6103472
126,1003.4,3272,2655,21,-1,480,352,6103616
127,1094.0,2904,3048,4,-1,130,0,6105952
128,1059.8,5392,3061,21,-1,520,0,6106912
129,1032.5,5386,3042,17,-1,470,0,6117976
130,728.65,3043,1927,22,-1,510,385,6121280
131,603.5,3054,1653,19,-1,440,388,6122208
132,193.65,5619,899,23,-1,1165,0,6133120
133,305.2,1712,752,18,-1,2520,343,6134976
134,215.55,4017,741,24,-1,2345,344,6138088
135,886.9,3018,2357,19,-1,430,365,6142120
136,510.3,5286,1674,21,-1,490,388,6145760
137,1053.9,5354,3054,20,-1,470,0,6146448
138,510.6,3020,1429,18,-1,390,396,6159136
139,1068.8,5240,3052,22,-1,500,0,6164128
140,-30.8,3176,70,20,-1,920,396,6167528
141,946.15,7613,3042,22,-1,530,0,6167816
142,730.95,565,1848,4,-1,120,387,6168648
143,1054.1,5202,3048,19,-1,430,0,6174736
144,364.55,5245,1317,20,-1,450,397,6180048
145,321.2,1532,757,19,-1,2425,357,6180072
146,1048.9,5202,3035,19,-1,440,0,6187376
147,1046.85,5211,3031,19,-1,440,0,6188136
148,558.05,563,1428,3,-1,90,395,6192640
149,692.9,3038,1837,22,-1,510,385,6192952
150,233.85,3867,768,24,-1,2515,347,6198464
151,884.7,3262,2357,21,-1,500,357,6200832
152,1050.4,5212,3040,19,-1,440,0,6200832
153,472.85,2835,1324,17,-1,360,397,6202752
154,1004.7,2986,2660,18,-1,410,369,6222352
155,615.35,5293,1925,22,-1,520,387,6222392
156,1064.45,5195,3073,19,-1,440,0,6228936
157,1048.3,5254,3040,19,-1,450,0,6234672
158,1050.85,5211,3041,19,-1,440,0,6242520
159,1046.35,5365,3024,21,-1,490,0,6243752
160,391.9,5246,1398,19,-1,430,395,6244720
161,689.85,3031,1841,21,-1,460,386,6253184
162,921.25,7615,3030,18,-1,450,0,6253872
163,599.7,3146,1655,19,-1,540,388,6259840
164,994.05,851,2354,19,-1,420,352,6260680
165,165.2,2604,551,15,-1,1220,369,6263352
166,905.4,3172,2360,24,-1,560,367,6270096
167,912.2,996,2355,4,-1,170,362,6271320
168,930.2,7612,3052,18,-1,470,0,6283288
169,937.95,7617,3047,20,-1,490,0,6283288
170,198.7,3794,721,20,-1,2245,341,6283536
171,411.9,5250,1411,22,-1,500,394,6285752
172,213.55,3845,752,21,-1,2285,357,6291440
173,472.85,2835,1324,17,-1,360,397,6292776
174,160.15,3633,742,9,-1,2245,377,6300384
175,471.95,2829,1321,17,-1,360,397,6306168
176,1176.9,2938,3047,21,-1,440,0,6306792
177,29.8,6152,581,21,-1,2420,347,6309056
178,478.4,2824,1324,18,-1,380,397,6315368
179,639.85,2967,1908,5,-1,190,386,6324120
180,1057.85,5243,3050,20,-1,470,0,6325232
181,606.4,2936,1633,20,-1,440,386,6329656
182,899.65,3111,2363,22,-1,540,372,6333944
183,973.1,7050,3039,22,-1,530,0,6342152
184,524.65,2831,1428,19,-1,400,395,6347880
185,1053.8,5392,3046,21,-1,500,0,6349928
186,948.05,7615,3047,22,-1,530,0,6352360
187,901.1,3134,2357,23,-1,520,367,6354728
188,1067.4,5212,3045,22,-1,490,0,6365816
189,615.8,3016,1654,21,-1,460,387,6366280
190,947.8,7612,3046,22,-1,530,0,6376264
191,714.2,3032,1927,19,-1,460,387,6376616
192,104.1,6202,748,23,-1,2435,364,6383560
193,561.5,2834,1558,16,-1,340,393,6388952
194,777.35,5393,2355,21,-1,520,371,6391024
195,1066.85,5231,3071,20,-1,470,0,6391776
196,43.55,3701,359,17,-1,780,361,6395424
197,359.65,5243,1317,19,-1,430,397,6396672
198,-58.3,4166,75,24,-1,2200,396,6409592
199,1095.7,2970,3048,5,-1,160,0,6415536
200,879.75,3277,2359,20,-1,470,365,6422888
201,354.3,5242,1316,18,-1,440,397,6425496
202,565.55,621,1429,5,-1,130,395,6427856
203,1051.85,5199,3042,19,-1,430,0,6430544
204,1063.0,5196,3057,20,-1,460,0,6432592
205,942.85,7615,3059,20,-1,510,0,6437536
206,776.95,5425,2358,21,-1,510,366,6438824
207,504.95,3033,1429,17,-1,370,395,6439800
208,1041.25,647,2659,2,-1,70,372,6444000
209,400.8,2976,1324,4,-1,130,397,6449304
210,395.75,5165,1560,6,-1,210,393,6450912
211,582.05,1439,1560,6,-1,180,393,6451312
212,556.75,589,1428,3,-1,130,396,6454016
213,1006.9,2990,2641,20,-1,460,372,6454464
214,502.6,552,1313,1,-1,40,397,6458880
215,477.8,3080,1392,15,-1,410,395,6468640
216,989.5,5318,3051,7,-1,250,0,6470400
217,1071.4,5396,3053,24,-1,570,0,6475760
218,895.2,5428,2629,23,-1,570,364,6480960
219,599.05,2999,1810,5,-1,160,383,6494392
220,891.55,3225,2357,22,-1,520,364,6494440
221,1055.05,5399,3050,21,-1,520,0,6494504
222,1161.4,3116,3043,20,-1,430,0,6500688
223,1059.85,5275,3034,22,-1,480,0,6501080
224,459.7,3010,1313,17,-1,390,396,6505040
225,960.45,7619,3066,23,-1,550,0,6511864
226,234.0,1624,713,6,-1,1975,325,6514072
227,951.7,7618,3044,23,-1,560,0,6514960
228,632.65,2931,1673,22,-1,470,389,6517952
229,918.05,1003,2358,5,-1,160,355,6519888
230,260.75,2937,744,22,-1,1215,344,6524184
231,758.45,5471,2355,18,-1,450,359,6538208
232,467.0,2280,1215,19,-1,2570,273,6542424
233,877.6,3116,2346,19,-1,430,367,6542880
234,780.15,5445,2356,22,-1,540,362,6548600
235,919.85,7611,3051,16,-1,440,0,6555280
236,975.95,5293,3039,5,-1,180,0,6556416
237,357.65,5239,1324,18,-1,420,397,6556872
238,561.15,2849,1534,18,-1,410,390,6561000
239,362.95,5233,1324,19,-1,440,397,6561752
240,1033.75,925,2625,6,-1,170,361,6564272
241,1095.1,2938,3055,4,-1,130,0,6578784
242,983.45,5291,3045,6,-1,210,0,6584752
243,522.4,752,1325,6,-1,130,364,6584800
244,474.15,2893,1322,18,-1,390,396,6584896
245,884.4,5424,2639,20,-1,510,364,6586272
246,1044.55,5349,3055,18,-1,430,0,6591392
247,1063.35,5249,3052,21,-1,490,0,6598408
248,1036.7,5486,3040,19,-1,450,0,6604888
249,1062.3,5390,3042,23,-1,580,0,6607392
250,924.1,742,2353,4,-1,120,358,6610824
251,4243.8,2306,721,5,-1,1345,319,6670352
252,1266.0,2871,3051,4,-1,130,0,6674872
253,1891.4,2913,1311,19,-1,400,397,6675208
254,1937.6,2928,3051,6,-1,170,0,6675328
255,1973.2,5328,3058,6,-1,200,0,6694528
256,2931.2,5333,3055,22,-1,590,0,6694568
257,2797.4,5407,3045,21,-1,510,0,6695160
258,2772.6,5444,3043,19,-1,440,0,6695456
259,1772.0,2872,3046,2,-1,100,0,6698184
260,2002.8,641,1310,4,-1,110,397,6700288
261,1444.8,769,2360,4,-1,160,374,6701608
262,2410.8,5202,3045,20,-1,450,0,6711968
263,2003.2,5154,1425,4,-1,130,395,6716560
264,2760.8,3018,1679,20,-1,460,390,6718712
265,2359.6,3149,3061,4,-1,140,0,6719720
266,2031.2,3223,3053,22,-1,460,0,6726072
267,1814.4,2952,1392,4,-1,130,395,6735584
268,3080.2,7613,3057,21,-1,520,0,6735776
269,2024.2,733,1391,11,-1,270,394,6741640
270,2513.8,5271,1690,19,-1,450,390,6743776
271,1503.6,652,1843,6,-1,140,387,6748992
272,3567.0,7612,3054,15,-1,400,0,6759080
273,2484.6,5319,3053,5,-1,170,0,6759112
274,1963.4,5280,3053,5,-1,190,0,6761960
275,3323.0,5355,2360,23,-1,540,378,6768912
276,1409.0,887,2348,5,-1,170,366,6769056
277,2106.8,2955,1393,20,-1,430,395,6772632
278,740.0,570,200,4,-1,80,394,6777192
279,2438.8,5217,3036,20,-1,460,0,6777320
280,5931.6,7392,69,20,-1,900,395,6777848
281,2333.8,3077,2652,7,-1,220,371,6783728
282,3317.4,5378,2357,21,-1,510,375,6784664
283,2329.6,1378,2608,18,-1,390,368,6788216
284,2515.4,5278,1661,19,-1,450,389,6801304
285,2346.8,3024,2359,20,-1,470,378,6802040
286,2777.6,5360,3063,20,-1,460,0,6811792
287,2897.2,5367,3054,20,-1,500,0,6811992
288,1122.4,505,1310,2,-1,50,397,6816032
289,3816.8,5395,2356,18,-1,470,371,6826888
290,2497.8,5269,3074,5,-1,200,0,6830368
291,1235.2,870,1300,4,-1,120,355,6833848
292,3095.4,7614,3064,23,-1,560,0,6838232
293,2250.6,3117,3057,7,-1,260,0,6840968
294,3386.0,5201,3059,18,-1,410,0,6842912
295,3592.4,7613,3055,20,-1,480,0,6845568
296,1334.4,2965,1393,4,-1,150,395,6857568
297,6656.4,6205,741,22,-1,2225,356,6861432
298,3073.0,7610,3052,21,-1,510,0,6862920
299,2189.8,2988,3037,19,-1,410,0,6866816
300,4803.4,1361,357,19,-1,2480,367,6868456
301,1237.8,736,1008,5,-1,120,375,6874344
302,3068.8,7616,3047,18,-1,450,0,6891296
303,6515.0,6940,582,19,-1,1885,328,6896488
304,3097.8,7616,3073,23,-1,540,0,6899160
305,5935.4,7338,69,19,-1,1095,395,6904272
306,5769.8,4707,77,21,-1,1295,396,6904472
307,2773.2,5336,3060,18,-1,410,0,6905608
308,3035.2,5281,1679,18,-1,470,388,6916592
309,5299.0,1681,756,21,-1,2440,350,6917720
310,3091.6,7617,3059,22,-1,540,0,6922368
311,4939.0,2937,747,5,-1,1510,312,6922656
312,5401.4,2371,727,23,-1,2875,329,6924576
313,1316.8,2886,3053,4,-1,120,0,6927560
314,5049.0,1546,555,5,-1,2035,366,6930088
315,2616.4,5313,1893,20,-1,470,383,6933800
316,5956.4,4857,734,20,-1,1185,360,6935344
317,5195.6,2320,656,20,-1,1700,360,6943136
318,5364.8,3575,503,16,-1,2135,377,6945192
319,5742.6,2266,748,19,-1,1780,341,6945688
320,5131.4,1965,78,21,-1,2505,396,6945808
321,2613.6,3181,2356,18,-1,430,368,6948104
322,4877.2,1694,751,18,-1,2315,328,6948896
323,2135.6,2955,3064,18,-1,370,0,6957440
324,5022.4,2103,741,22,-1,1930,312,6959960
325,4649.0,1583,541,21,-1,2075,344,6960768
326,2497.4,3099,2352,19,-1,440,373,6970480
327,3089.0,7612,3075,19,-1,490,0,6983264
328,2445.0,5212,3057,19,-1,430,0,6990592
329,5846.8,4061,372,18,-1,1910,351,6992448
330,4849.8,4408,380,5,-1,1635,339,6992704
331,5202.4,2883,66,20,-1,1675,395,6993544
332,5680.6,4289,748,19,-1,2360,339,6995080
333,6560.0,6430,533,20,-1,1995,354,6996632
334,6456.6,6428,62,21,-1,1775,395,6997232
335,4962.2,1764,797,19,-1,2305,318,7010744
336,2249.0,2994,1429,19,-1,430,395,7016656
337,2202.0,2978,1310,18,-1,400,397,7018904
338,2929.2,5238,1407,18,-1,420,396,7025168
339,2271.6,892,2594,18,-1,420,366,7032304
340,5800.8,4426,734,20,-1,2205,330,7032640
341,3317.2,5333,3075,18,-1,430,0,7033256
342,3407.6,5387,2646,18,-1,440,371,7035544
343,4815.0,3476,735,19,-1,955,289,7038552
344,1033.2,2781,2360,6,-1,190,361,7038904
345,3069.0,7622,3074,17,-1,420,0,7054520
346,4765.2,2579,73,18,-1,1270,395,7056176
347,2756.6,2994,1429,19,-1,430,395,7057208
348,5306.6,2748,749,17,-1,1965,354,7060536
349,5248.2,3559,64,19,-1,2185,395,7060776
350,5782.6,5455,1058,19,-1,1450,332,7062544
351,5168.4,1633,373,6,-1,1815,368,7067584
352,5157.4,1983,545,17,-1,2085,375,7072040
353,3554.4,5234,3066,20,-1,470,0,7074512
354,5458.2,4744,354,17,-1,1560,356,7076856
355,2267.4,3062,1817,15,-1,390,382,7085272
356,4787.0,1680,26,19,-1,1850,389,7087952
357,3259.8,3008,2611,19,-1,420,365,7091648
358,2110.6,869,1538,19,-1,450,388,7092224
359,6503.2,4031,76,24,-1,1850,394,7092784
360,1567.0,587,1318,19,-1,390,397,7096344
361,5209.0,2646,509,19,-1,2325,370,7098024
362,5345.8,5275,521,19,-1,1170,366,7099408
363,2066.8,622,1413,16,-1,330,393,7101320
364,5282.0,4028,720,22,-1,1930,346,7104264
365,2822.8,5327,3067,22,-1,530,0,7105160
366,927.0,656,677,5,-1,110,380,7110408
367,5118.6,1908,760,17,-1,2235,345,7114672
368,2093.2,3069,2356,16,-1,380,357,7117336
369,5038.2,2120,748,21,-1,1910,358,7118280
370,687.8,521,1558,1,-1,20,393,7122448
371,4959.2,3080,543,18,-1,945,357,7122664
372,4403.8,3949,744,21,-1,1625,79,7123816
373,2617.4,3170,3070,19,-1,480,0,7129624
374,3058.4,5275,1672,22,-1,520,389,7130152
375,5780.4,2141,73,20,-1,1530,396,7131800
376,2275.0,3022,3072,19,-1,450,0,7134584
377,5010.8,2745,504,16,-1,1885,339,7144624
378,4379.4,4161,1524,9,-1,2290,0,7150624
379,5241.8,3463,519,25,-1,2390,350,7151520
380,4720.8,2303,730,16,-1,1235,350,7153008
381,2585.2,3097,3069,18,-1,410,0,7154400
382,5372.2,3083,549,23,-1,795,375,7154816
383,1804.4,4332,1391,2,-1,100,395,7157104
384,5118.0,3213,50,22,-1,2550,394,7157504
385,4957.0,1575,551,15,-1,2030,374,7164120
386,5799.8,1938,743,21,-1,1815,363,7166128
387,4625.8,1716,744,7,-1,2110,364,7168544
388,5129.0,2702,711,19,-1,1265,356,7176016
389,5282.4,1634,887,24,-1,2445,336,7177192
390,5147.6,2670,750,18,-1,1285,360,7178464
391,4689.4,1957,730,3,-1,1835,341,7181784
392,5733.2,1884,554,18,-1,1735,372,7183616
393,2115.6,5291,1663,14,-1,340,386,7186952
394,5104.2,1617,66,15,-1,2135,395,7190128
395,2532.8,5267,1680,18,-1,410,390,7195144
396,4418.2,2593,74,5,-1,1115,395,7199208
397,5251.2,5368,535,20,-1,1110,370,7200448
398,5110.6,2090,65,19,-1,2305,395,7206848
399,2405.8,3144,2355,19,-1,450,370,7208768
400,5075.8,2835,356,15,-1,1190,383,7209632
401,5552.8,4290,518,20,-1,2270,323,7210336
402,5005.0,1586,638,7,-1,1970,362,7211896
403,4871.8,1480,66,17,-1,1980,395,7212288
404,591.8,561,1392,1,-1,40,394,7213256
405,5216.0,2288,743,18,-1,1660,357,7213448
406,4140.0,1519,81,4,-1,1950,395,7219000
407,5242.4,1613,745,20,-1,2285,373,7223240
408,4965.2,1774,61,20,-1,1730,395,7223824
409,5183.8,1830,549,21,-1,2230,379,7226536
410,1792.6,1726,1558,3,-1,100,391,7227256
411,4922.4,5720,899,28,-1,1510,0,7227544
412,5147.4,1800,548,17,-1,1920,375,7227656
413,1170.4,1079,1427,4,-1,120,395,7236176
414,4838.6,1600,61,5,-1,1610,395,7236624
415,5092.6,1748,62,19,-1,2255,395,7237224
416,5216.4,2705,1429,20,-1,1975,255,7240640
417,5007.8,1727,1053,21,-1,2425,320,7241472
418,5289.4,2034,1046,17,-1,2455,297,7242808
419,5145.6,4521,739,20,-1,2065,327,7248456
420,5178.4,1459,554,18,-1,2235,379,7248896
421,4898.8,1626,553,16,-1,2035,374,7249184
422,4963.8,1744,369,15,-1,2085,373,7250576
423,4718.8,1648,551,18,-1,2060,378,7253824
424,4938.2,1552,62,19,-1,2125,394,7255224
425,4905.4,3710,530,19,-1,2280,353,7256936
426,5056.4,2127,1221,14,-1,2620,290,7258488
427,4899.8,1274,552,19,-1,2170,376,7258648
428,4808.4,1274,78,14,-1,2140,395,7259376
429,4951.8,1496,546,23,-1,2205,375,7260864
430,5053.2,1492,776,18,-1,2215,360,7262512
431,4772.2,1368,745,17,-1,2085,369,7264768
432,1233.6,776,1834,4,-1,150,380,7264856
433,4311.2,1350,67,4,-1,2160,395,7266024
434,4879.6,1508,75,18,-1,2260,396,7269000
435,4720.2,1472,71,15,-1,1880,396,7271152
436,4964.2,1600,748,19,-1,1985,370,7271288
437,4547.4,1099,75,17,-1,2055,396,7271304
438,4980.4,1364,551,18,-1,2440,377,7271776
439,4543.4,1167,70,15,-1,1975,395,7275360
440,4972.6,1421,741,19,-1,2160,367,7276136
441,4891.2,1618,371,4,-1,1970,373,7277800
442,2324.2,959,2358,21,-1,460,362,7278824
443,4696.0,1348,527,18,-1,2410,370,7282560
444,4799.8,1647,551,7,-1,1725,370,7284464
445,5329.2,1940,740,22,-1,2245,357,7284520
446,4374.2,1401,68,5,-1,1740,396,7287344
447,4569.4,1524,69,19,-1,1745,395,7287552
448,1687.2,725,1309,16,-1,330,397,7290320
449,5238.8,1858,546,20,-1,2545,360,7293688
450,4977.2,2825,966,22,-1,2455,163,7293904
451,5014.8,1326,841,18,-1,2120,371,7295072
452,5184.4,1674,743,20,-1,2205,375,7295952
453,4742.0,1160,80,16,-1,2100,396,7296624
454,4853.2,1348,81,22,-1,2205,397,7298336
455,4939.8,1578,509,21,-1,2140,357,7302944
456,5111.6,1544,77,22,-1,2235,396,7307424
457,5446.6,1377,561,23,-1,2335,382,7307640
458,4880.0,1817,79,18,-1,1835,396,7308224
459,4525.2,3918,743,22,-1,2370,0,7309144
460,5177.0,1708,532,19,-1,2115,371,7309616
461,5176.4,1547,537,18,-1,2075,360,7310712
462,4745.2,1348,63,18,-1,2050,395,7313728
463,4843.0,1296,79,17,-1,2035,397,7319512
464,4747.4,1312,550,19,-1,2050,379,7320112
465,4951.8,1720,549,23,-1,2210,348,7321184
466,5141.8,1810,749,21,-1,2315,368,7322704
467,5057.8,2057,776,17,-1,2490,322,7324096
468,3879.8,3905,755,7,-1,1935,0,7325144
469,5227.0,2019,741,19,-1,2155,360,7326864
470,5181.8,1793,554,19,-1,2670,375,7328072
471,4700.0,1200,556,16,-1,2065,377,7329712
472,1483.2,604,1312,16,-1,330,396,7331696
473,4936.2,1535,750,19,-1,2140,351,7331792
474,5020.4,1474,68,18,-1,2650,396,7332976
475,4821.8,1310,353,17,-1,2060,379,7334576
476,5307.0,1552,742,19,-1,2235,370,7335120
477,5116.0,1553,966,26,-1,2465,339,7337568
478,5042.2,1525,727,19,-1,2325,358,7340272
479,4807.8,1349,509,17,-1,2195,373,7340504
480,4827.4,1333,68,17,-1,2055,396,7342360
481,5056.8,1266,66,16,-1,2095,395,7343104
482,5362.0,1828,545,18,-1,1895,378,7349200
483,5352.8,1763,743,18,-1,2195,374,7349224
484,5486.0,2269,551,22,-1,2915,377,7349944
485,5228.6,1638,756,19,-1,2195,359,7350672
486,5150.2,1539,724,21,-1,2520,364,7352584
487,4752.8,1271,75,20,-1,2175,396,7353272
488,5215.4,1756,558,19,-1,2370,382,7356408
489,4566.4,1118,78,18,-1,2060,396,7359616
490,4780.2,1362,553,19,-1,2320,380,7360840
491,4548.6,1082,67,17,-1,2095,396,7361928
492,4976.4,1654,534,20,-1,2125,366,7362432
493,5967.6,1768,82,20,-1,2440,397,7363368
494,1130.6,719,2644,3,-1,90,371,7366592
495,4957.4,1737,742,17,-1,2750,329,7370304
496,5163.0,3775,79,19,-1,2690,396,7370704
497,5020.0,1452,73,18,-1,2295,396,7371232
498,5118.2,1498,93,17,-1,2040,387,7373912
499,5315.2,1513,82,20,-1,2055,396,7375472
500,5024.6,1736,533,19,-1,2500,353,7376320
501,5029.2,1576,73,18,-1,2125,396,7379200
502,4824.4,1265,67,16,-1,2295,395,7380824
503,1736.2,694,1312,19,-1,430,397,7381872
504,5105.6,3784,67,18,-1,2325,395,7382856
505,5472.0,1792,741,20,-1,2145,365,7384640
506,5424.0,1559,550,24,-1,2230,371,7386384
507,4958.4,1591,554,18,-1,2135,363,7388200
508,4867.6,1296,68,18,-1,2080,396,7391192
509,5209.8,1601,372,21,-1,2450,377,7392008
510,5586.4,1260,81,16,-1,2085,396,7392936
511,5201.8,1406,544,19,-1,2275,371,7395888
512,5527.0,1791,742,21,-1,2515,350,7396200
513,4340.8,1371,67,6,-1,1760,396,7399168
514,4220.8,3642,752,16,-1,2730,0,7400368
515,5116.0,1616,70,18,-1,2440,396,7404120
516,4816.5,1214,76,16,-1,2150,396,7415280
517,4851.2,1404,746,17,-1,2225,351,7416800
518,5004.8,1428,555,19,-1,2315,376,7416992
519,4858.95,1449,70,19,-1,2600,396,7417160
520,4686.05,1507,988,19,-1,2405,318,7417624
521,4840.3,1606,729,17,-1,2020,356,7407174
522,4852.45,1231,59,16,-1,2035,395,7408405
523,5167.55,1493,510,21,-1,2155,370,7409898
524,2214.7,1054,2596,17,-1,370,354,7410952
525,4963.8,1624,66,19,-1,2185,395,7412576
526,1525.9,602,1317,18,-1,370,397,7412792
527,1711.2,640,1912,20,-1,440,387,7413248
528,1882.75,805,1428,17,-1,360,395,7415228
529,2511.4,1036,2585,20,-1,560,362,7418000
530,4693.5,1226,738,18,-1,2395,361,7420280
531,4620.7,1238,72,19,-1,2155,396,7420424
532,4907.5,1318,743,19,-1,2155,372,7421384
533,4984.6,1332,78,16,-1,2090,397,7421552
534,4710.15,1333,80,16,-1,2400,397,7421564
535,4685.65,1379,70,17,-1,1940,396,7422116
536,5260.8,1552,552,18,-1,2400,364,7424192
537,829.4,608,1894,5,-1,140,384,7425296
538,1498.7,594,1312,16,-1,330,396,7428512
539,4502.0,1008,76,18,-1,2170,396,7417664
540,4505.45,1075,70,18,-1,2130,396,7418468
541,4483.8,1080,72,17,-1,2430,396,7418528
542,4495.95,1105,59,18,-1,2065,394,7418828
543,4780.2,1224,69,19,-1,2160,395,7420256
544,4755.35,1369,69,15,-1,2040,396,7421996
545,5647.6,1412,528,21,-1,2180,373,7422512
546,4730.45,1419,55,15,-1,2430,394,7422596
547,5120.5,1470,548,20,-1,2280,373,7423208
548,4894.8,1488,774,18,-1,2075,361,7423424
549,4843.75,1561,518,17,-1,2295,360,7424300
550,1899.9,814,2358,17,-1,400,363,7427432
551,1862.95,757,1821,18,-1,410,383,7427612
552,2048.95,617,1315,15,-1,310,397,7427660
