episode,total_reward,length,ammo,ammo_delta,health,hitcount,hitcount_delta,damage_taken,damage_taken_delta,total_timesteps
1,-1075.73067,25,0,0,0,0,0,0,0,200
2,-794.832172,40,0,0,0,0,0,0,0,320
3,-900.199496,50,0,0,0,0,0,0,0,400
4,-788.138275,71,0,0,0,0,0,0,0,568
5,-701.419217,42,0,0,0,0,0,0,0,656
6,-668.969815,37,0,0,0,0,0,0,0,696
7,-1163.39985,88,0,0,0,0,0,0,0,704
8,-1191.700632,98,0,0,0,0,0,0,0,784
9,-752.168912,37,0,0,0,0,0,0,0,992
10,-777.88078,37,0,0,0,0,0,0,0,1080
11,-947.991461,64,0,0,0,0,0,0,0,1592
12,-1347.127002,240,0,0,0,0,0,0,0,1920
13,-1461.099338,185,0,0,0,0,0,0,0,2136
14,-969.870529,66,0,0,0,0,0,0,0,2448
15,-684.58566,57,0,0,0,0,0,0,0,2592
16,-793.837466,40,0,0,0,0,0,0,0,2768
17,-666.76958,30,0,0,0,0,0,0,0,2832
18,-558.12984,40,0,0,0,0,0,0,0,3152
19,-730.375455,37,0,0,0,0,0,0,0,3448
20,-2079.724963,440,0,0,0,0,0,0,0,3520
21,-1577.074683,324,0,0,0,0,0,0,0,3584
22,-1199.6354,108,0,0,0,0,0,0,0,3632
23,-587.460324,27,0,0,0,0,0,0,0,3736
24,-1078.428641,34,0,0,0,0,0,0,0,3856
25,-536.098193,40,0,0,0,0,0,0,0,4056
26,-734.079095,43,0,0,0,0,0,0,0,4200
27,-521.12262,26,0,0,0,0,0,0,0,4264
28,-1973.607852,525,0,0,0,0,0,0,0,4400
29,-1032.326389,100,0,0,0,0,0,0,0,4432
30,-2606.47356,525,0,0,0,0,0,0,0,4768
31,-2488.858951,525,0,0,0,0,0,0,0,4904
32,-669.423401,31,0,0,0,0,0,0,0,5016
33,-1197.297552,104,0,0,0,0,0,0,0,5096
34,-930.733002,91,0,0,0,0,0,0,0,5160
35,-778.886429,41,0,0,0,0,0,0,0,5232
36,-1002.799213,105,0,0,0,0,0,0,0,5240
37,-614.100211,44,0,0,0,0,0,0,0,5512
38,-2594.297351,525,0,0,0,0,0,0,0,5792
39,-763.255276,37,0,0,0,0,0,0,0,5808
40,-1174.091284,104,0,0,0,0,0,0,0,6072
41,-518.007169,37,0,0,0,0,0,0,0,6088
42,-610.575403,43,0,0,0,0,0,0,0,6152
43,-800.597073,37,0,0,0,0,0,0,0,6384
44,-784.100229,43,0,0,0,0,0,0,0,6416
45,-841.726151,66,0,0,0,0,0,0,0,6680
46,-923.907761,46,0,0,0,0,0,0,0,6784
47,-930.187833,197,0,0,0,0,0,0,0,6808
48,-600.328012,43,0,0,0,0,0,0,0,7128
49,-557.2091,38,0,0,0,0,0,0,0,7432
50,-2632.672641,525,0,0,0,0,0,0,0,7648
51,-1243.918753,129,0,0,0,0,0,0,0,7712
52,-787.151273,37,0,0,0,0,0,0,0,7728
53,-1011.45817,23,0,0,0,0,0,0,0,7832
54,-678.130481,35,0,0,0,0,0,0,0,7992
55,-1038.224777,26,0,0,0,0,0,0,0,8200
56,-956.371338,66,0,0,0,0,0,0,0,8256
57,-2545.444782,525,0,0,0,0,0,0,0,8400
58,-973.858575,78,0,0,0,0,0,0,0,8456
59,-800.387677,42,0,0,0,0,0,0,0,8592
60,-518.754547,46,0,0,0,0,0,0,0,8824
61,-790.533459,37,0,0,0,0,0,0,0,8888
62,-1161.55112,100,0,0,0,0,0,0,0,9000
63,-1186.259747,92,0,0,0,0,0,0,0,9136
64,-2845.056079,525,0,0,0,0,0,0,0,9216
65,-2623.511142,525,0,0,0,0,0,0,0,9296
66,-899.780057,52,0,0,0,0,0,0,0,9304
67,-739.625714,37,0,0,0,0,0,0,0,9512
68,-1072.68804,94,0,0,0,0,0,0,0,9576
69,-775.023709,37,0,0,0,0,0,0,0,9592
70,-798.770908,70,0,0,0,0,0,0,0,9696
71,-536.382358,40,0,0,0,0,0,0,0,9912
72,-951.137344,56,0,0,0,0,0,0,0,9960
73,-772.813992,37,0,0,0,0,0,0,0,9992
74,-700.884915,27,0,0,0,0,0,0,0,10176
75,-560.740662,46,0,0,0,0,0,0,0,10360
76,-1128.420654,81,0,0,0,0,0,0,0,10560
77,-2213.108142,525,0,0,0,0,0,0,0,10584
78,-565.641519,38,0,0,0,0,0,0,0,10664
79,-585.327115,37,0,0,0,0,0,0,0,10856
80,-1836.435858,244,0,0,0,0,0,0,0,10952
81,-2444.02785,525,0,0,0,0,0,0,0,11008
82,-819.720685,52,0,0,0,0,0,0,0,11080
83,-1047.431677,54,0,0,0,0,0,0,0,11288
84,-517.749936,37,0,0,0,0,0,0,0,11304
85,-610.582849,43,0,0,0,0,0,0,0,11424
86,-1055.089359,110,0,0,0,0,0,0,0,11464
87,-739.50282,37,0,0,0,0,0,0,0,11584
88,-786.430164,40,0,0,0,0,0,0,0,11624
89,-604.350845,46,0,0,0,0,0,0,0,11792
90,-315.201605,29,0,0,0,0,0,0,0,11816
91,-1046.219409,85,0,0,0,0,0,0,0,12144
92,-1775.859854,269,0,0,0,0,0,0,0,12328
93,-967.1064,66,0,0,0,0,0,0,0,12344
94,-1124.189236,92,0,0,0,0,0,0,0,12360
95,-869.69249,81,0,0,0,0,0,0,0,12440
96,-560.709406,38,0,0,0,0,0,0,0,12448
97,-494.166043,37,0,0,0,0,0,0,0,12656
98,-819.074091,43,0,0,0,0,0,0,0,12688
99,-580.009656,37,0,0,0,0,0,0,0,12736
100,-950.316968,52,0,0,0,0,0,0,0,12744
101,-528.467776,40,0,0,0,0,0,0,0,12768
102,-839.193442,29,0,0,0,0,0,0,0,13000
103,-994.030646,49,0,0,0,0,0,0,0,13128
104,-974.070923,71,0,0,0,0,0,0,0,13256
105,-2248.722842,508,0,0,0,0,0,0,0,13368
106,-997.747852,60,0,0,0,0,0,0,0,13480
107,-981.815579,47,0,0,0,0,0,0,0,13504
108,-793.270779,52,0,0,0,0,0,0,0,13672
109,-675.986127,37,0,0,0,0,0,0,0,13776
110,-2039.606967,525,0,0,0,0,0,0,0,13776
111,-984.58252,41,0,0,0,0,0,0,0,13832
112,-994.513885,31,0,0,0,0,0,0,0,14024
113,-749.786142,43,0,0,0,0,0,0,0,14120
114,-687.264261,58,0,0,0,0,0,0,0,14136
115,-757.30058,37,0,0,0,0,0,0,0,14432
116,-553.931201,40,0,0,0,0,0,0,0,14440
117,-1752.95148,235,0,0,0,0,0,0,0,14624
118,-1752.237634,258,0,0,0,0,0,0,0,14720
119,-528.834003,40,0,0,0,0,0,0,0,14752
120,-1254.057162,130,0,0,0,0,0,0,0,14872
121,-1176.98728,54,0,0,0,0,0,0,0,14872
122,-767.945493,37,0,0,0,0,0,0,0,14920
123,-767.967511,37,0,0,0,0,0,0,0,15016
124,-2521.198505,525,0,0,0,0,0,0,0,15152
125,-766.535382,37,0,0,0,0,0,0,0,15168
126,-998.582471,42,0,0,0,0,0,0,0,15256
127,-1121.802991,52,0,0,0,0,0,0,0,15288
128,-844.163464,37,0,0,0,0,0,0,0,15312
129,-1541.199252,185,0,0,0,0,0,0,0,15504
130,-1168.178394,50,0,0,0,0,0,0,0,15552
131,-987.592752,63,0,0,0,0,0,0,0,15672
132,-980.933926,47,0,0,0,0,0,0,0,15688
133,-764.514594,54,0,0,0,0,0,0,0,15720
134,-604.896982,58,0,0,0,0,0,0,0,15720
135,-663.553882,40,0,0,0,0,0,0,0,15824
136,-1375.928778,149,0,0,0,0,0,0,0,15944
137,-858.190939,44,0,0,0,0,0,0,0,16040
138,-1216.10466,96,0,0,0,0,0,0,0,16320
139,-905.296075,48,0,0,0,0,0,0,0,16424
140,-1088.567245,66,0,0,0,0,0,0,0,16472
141,-1184.163467,106,0,0,0,0,0,0,0,16520
142,-694.389978,23,0,0,0,0,0,0,0,16704
143,-715.864728,37,0,0,0,0,0,0,0,16720
144,-726.326563,43,0,0,0,0,0,0,0,16816
145,-791.825241,76,0,0,0,0,0,0,0,16928
146,-1113.348969,31,0,0,0,0,0,0,0,16968
147,-675.936063,37,0,0,0,0,0,0,0,17000
148,-930.291345,93,0,0,0,0,0,0,0,17560
149,-2383.761737,525,0,0,0,0,0,0,0,17568
150,-572.808127,44,0,0,0,0,0,0,0,17912
151,-862.658521,72,0,0,0,0,0,0,0,18144
152,-1408.548685,153,0,0,0,0,0,0,0,18192
153,-832.448898,51,0,0,0,0,0,0,0,18320
154,-299.852289,33,0,0,0,0,0,0,0,18408
155,-568.057956,40,0,0,0,0,0,0,0,18512
156,-662.158566,32,0,0,0,0,0,0,0,18576
157,-816.252863,43,0,0,0,0,0,0,0,18752
158,-1059.679977,31,0,0,0,0,0,0,0,18824
159,-565.755481,40,0,0,0,0,0,0,0,18832
160,-1045.467371,43,0,0,0,0,0,0,0,19176
161,-696.811261,27,0,0,0,0,0,0,0,19392
162,-578.467444,44,0,0,0,0,0,0,0,19744
163,-2148.512653,525,0,0,0,0,0,0,0,19920
164,-2279.918521,525,0,0,0,0,0,0,0,19920
165,-2187.993274,525,0,0,0,0,0,0,0,20024
166,-784.14491,32,0,0,0,0,0,0,0,20176
167,-965.049252,42,0,0,0,0,0,0,0,20256
168,-669.333539,42,0,0,0,0,0,0,0,20360
169,-910.673511,80,0,0,0,0,0,0,0,20384
170,-961.595184,46,0,0,0,0,0,0,0,20544
171,-573.226346,37,0,0,0,0,0,0,0,20680
172,-951.341556,55,0,0,0,0,0,0,0,20696
173,-810.869836,23,0,0,0,0,0,0,0,20864
174,-856.053513,41,0,0,0,0,0,0,0,21024
175,-2260.54697,525,0,0,0,0,0,0,0,21128
176,-1007.247238,76,0,0,0,0,0,0,0,21152
177,-2227.557803,525,0,0,0,0,0,0,0,21200
178,-617.076343,45,0,0,0,0,0,0,0,21224
179,-527.878748,38,0,0,0,0,0,0,0,21328
180,-1011.024402,40,0,0,0,0,0,0,0,21448
181,-594.897943,38,0,0,0,0,0,0,0,21456
182,-1358.496313,144,0,0,0,0,0,0,0,21512
183,-715.647662,40,0,0,0,0,0,0,0,21544
184,-482.29353,37,0,0,0,0,0,0,0,21624
185,-517.17251,33,0,0,0,0,0,0,0,21720
186,-607.854257,43,0,0,0,0,0,0,0,21888
187,-694.900296,67,0,0,0,0,0,0,0,21984
188,-953.404218,67,0,0,0,0,0,0,0,22048
189,-1107.053503,109,0,0,0,0,0,0,0,22072
190,-981.398755,37,0,0,0,0,0,0,0,22184
191,-915.031577,74,0,0,0,0,0,0,0,22216
192,-539.851474,40,0,0,0,0,0,0,0,22392
193,-806.299707,63,0,0,0,0,0,0,0,22488
194,-721.536511,37,0,0,0,0,0,0,0,22512
195,-814.431375,63,0,0,0,0,0,0,0,22552
196,-519.958218,37,0,0,0,0,0,0,0,22688
197,-942.585968,31,0,0,0,0,0,0,0,22736
198,-1053.880002,32,0,0,0,0,0,0,0,22768
199,-719.874646,32,0,0,0,0,0,0,0,22808
200,-726.678601,22,0,0,0,0,0,0,0,22864
201,-2563.309146,525,0,0,0,0,0,0,0,22952
202,-2109.773151,525,0,0,0,0,0,0,0,23024
203,-575.502042,37,0,0,0,0,0,0,0,23032
204,-831.327695,37,0,0,0,0,0,0,0,23064
205,-1121.390677,114,0,0,0,0,0,0,0,23096
206,-768.199323,37,0,0,0,0,0,0,0,23104
207,-915.405884,41,0,0,0,0,0,0,0,23280
208,-749.769739,43,0,0,0,0,0,0,0,23408
209,-509.797644,49,0,0,0,0,0,0,0,23416
210,-920.259293,41,0,0,0,0,0,0,0,23432
211,-695.370319,80,0,0,0,0,0,0,0,23504
212,-775.47587,48,0,0,0,0,0,0,0,23816
213,-920.169971,50,0,0,0,0,0,0,0,23816
214,-1152.488886,88,0,0,0,0,0,0,0,24112
215,-1077.925854,47,0,0,0,0,0,0,0,24192
216,-783.978278,34,0,0,0,0,0,0,0,24384
217,-1486.774759,158,0,0,0,0,0,0,0,24544
218,-348.209235,49,0,0,0,0,0,0,0,24776
219,-1153.412311,85,0,0,0,0,0,0,0,24872
220,-1112.105109,34,0,0,0,0,0,0,0,25048
221,-474.413831,37,0,0,0,0,0,0,0,25168
222,-1043.035709,80,0,0,0,0,0,0,0,25184
223,-790.902142,37,0,0,0,0,0,0,0,25344
224,-1108.566641,44,0,0,0,0,0,0,0,25520
225,-735.255414,37,0,0,0,0,0,0,0,25816
226,-2690.499164,525,0,0,0,0,0,0,0,25920
227,-839.638211,37,0,0,0,0,0,0,0,26112
228,-813.417676,27,0,0,0,0,0,0,0,26136
229,-981.847415,80,0,0,0,0,0,0,0,26776
230,-946.50025,114,0,0,0,0,0,0,0,27024
231,-744.604733,37,0,0,0,0,0,0,0,27072
232,-1542.427167,217,0,0,0,0,0,0,0,27080
233,-2104.832477,525,0,0,0,0,0,0,0,27232
234,-2050.881137,525,0,0,0,0,0,0,0,27296
235,-882.408783,31,0,0,0,0,0,0,0,27320
236,-1102.324161,45,0,0,0,0,0,0,0,27440
237,-937.102667,64,0,0,0,0,0,0,0,27536
238,-597.951334,43,0,0,0,0,0,0,0,27576
239,-1020.192929,37,0,0,0,0,0,0,0,27616
240,-2276.786655,525,0,0,0,0,0,0,0,27704
241,-788.708447,42,0,0,0,0,0,0,0,27912
242,-1914.432376,525,0,0,0,0,0,0,0,28016
243,-555.530853,46,0,0,0,0,0,0,0,28072
244,-945.501474,68,0,0,0,0,0,0,0,28080
245,-580.36713,40,0,0,0,0,0,0,0,28232
246,-845.344397,79,0,0,0,0,0,0,0,28248
247,-541.844397,44,0,0,0,0,0,0,0,28432
248,-832.076465,55,0,0,0,0,0,0,0,28688
249,-733.106537,36,0,0,0,0,0,0,0,28720
250,-1267.004025,112,0,0,0,0,0,0,0,28968
251,-1353.915741,121,0,0,0,0,0,0,0,28984
252,-1556.84205,478,0,0,0,0,0,0,0,29008
253,-471.100616,46,0,0,0,0,0,0,0,29056
254,-1026.494739,40,0,0,0,0,0,0,0,29288
255,-816.577341,48,0,0,0,0,0,0,0,29392
256,-1002.058621,62,0,0,0,0,0,0,0,29480
257,-784.482495,37,0,0,0,0,0,0,0,29584
258,-996.298944,68,0,0,0,0,0,0,0,29600
259,-737.878445,37,0,0,0,0,0,0,0,29688
260,-795.167249,37,0,0,0,0,0,0,0,29776
261,-1051.292807,34,0,0,0,0,0,0,0,29856
262,-1217.993198,145,0,0,0,0,0,0,0,29880
263,-691.447989,44,0,0,0,0,0,0,0,29952
264,-1664.61648,333,0,0,0,0,0,0,0,29960
265,-589.693732,49,0,0,0,0,0,0,0,30080
266,-926.091986,34,0,0,0,0,0,0,0,30224
267,-618.817444,46,0,0,0,0,0,0,0,30328
268,-1052.534738,73,0,0,0,0,0,0,0,30360
269,-584.833224,40,0,0,0,0,0,0,0,30400
270,-1086.119034,91,0,0,0,0,0,0,0,30584
271,-909.278119,47,0,0,0,0,0,0,0,30600
272,-779.491681,37,0,0,0,0,0,0,0,30624
273,-1200.1836,104,0,0,0,0,0,0,0,30712
274,-539.701251,40,0,0,0,0,0,0,0,30720
275,-864.560617,33,0,0,0,0,0,0,0,30848
276,-1214.108804,58,0,0,0,0,0,0,0,31064
277,-739.761957,43,0,0,0,0,0,0,0,31192
278,-1110.044257,79,0,0,0,0,0,0,0,31352
279,-447.107425,25,0,0,0,0,0,0,0,31392
280,-2392.854828,525,0,0,0,0,0,0,0,31640
281,-847.26026,74,0,0,0,0,0,0,0,31656
282,-566.676929,40,0,0,0,0,0,0,0,31672
283,-582.781705,37,0,0,0,0,0,0,0,31936
284,-748.8849,37,0,0,0,0,0,0,0,31968
285,-582.247684,40,0,0,0,0,0,0,0,31976
286,-407.095959,27,0,0,0,0,0,0,0,32152
287,-756.699948,37,0,0,0,0,0,0,0,32272
288,-550.172955,42,0,0,0,0,0,0,0,32304
289,-2443.047678,525,0,0,0,0,0,0,0,32432
290,-1366.800256,138,0,0,0,0,0,0,0,32496
291,-794.974643,55,0,0,0,0,0,0,0,32592
292,-622.870761,30,0,0,0,0,0,0,0,32672
293,-901.244992,42,0,0,0,0,0,0,0,32832
294,-588.104343,40,0,0,0,0,0,0,0,32912
295,-1103.124759,90,0,0,0,0,0,0,0,32992
296,-1056.190579,92,0,0,0,0,0,0,0,33040
297,-937.849203,39,0,0,0,0,0,0,0,33224
298,-793.535947,37,0,0,0,0,0,0,0,33288
299,-1040.934872,77,0,0,0,0,0,0,0,33288
300,-584.609662,37,0,0,0,0,0,0,0,33520
301,-974.257458,97,0,0,0,0,0,0,0,33608
302,-822.872995,43,0,0,0,0,0,0,0,33864
303,-1187.149533,177,0,0,0,0,0,0,0,34456
304,-2289.819342,525,0,0,0,0,0,0,0,34560
305,-1400.018509,166,0,0,0,0,0,0,0,34616
306,-1314.041367,133,0,0,0,0,0,0,0,34672
307,-1071.028836,108,0,0,0,0,0,0,0,34728
308,-1439.94566,185,0,0,0,0,0,0,0,34768
309,-2472.945749,525,0,0,0,0,0,0,0,34824
310,-806.532538,49,0,0,0,0,0,0,0,34848
311,-2579.891681,525,0,0,0,0,0,0,0,34912
312,-776.100003,37,0,0,0,0,0,0,0,34968
313,-819.194949,45,0,0,0,0,0,0,0,34976
314,-935.189874,63,0,0,0,0,0,0,0,35064
315,-673.094391,46,0,0,0,0,0,0,0,35096
316,-865.110068,49,0,0,0,0,0,0,0,35240
317,-786.797635,42,0,0,0,0,0,0,0,35432
318,-1084.033063,82,0,0,0,0,0,0,0,35480
319,-1169.754312,53,0,0,0,0,0,0,0,35488
320,-1018.881891,68,0,0,0,0,0,0,0,35520
321,-1234.266147,100,0,0,0,0,0,0,0,35568
322,-1201.315167,52,0,0,0,0,0,0,0,35656
323,-532.876797,37,0,0,0,0,0,0,0,35864
324,-1404.247302,140,0,0,0,0,0,0,0,36088
325,-784.121167,37,0,0,0,0,0,0,0,36160
326,-1152.690677,100,0,0,0,0,0,0,0,36280
327,-1236.627057,97,0,0,0,0,0,0,0,36296
328,-998.235007,19,0,0,0,0,0,0,0,36312
329,-1537.471204,191,0,0,0,0,0,0,0,36440
330,-1279.770892,125,0,0,0,0,0,0,0,36488
331,-637.937433,38,0,0,0,0,0,0,0,36600
332,-640.106421,39,0,0,0,0,0,0,0,36624
333,-1448.517517,206,0,0,0,0,0,0,0,37080
334,-1215.830075,102,0,0,0,0,0,0,0,37096
335,-1188.01568,138,0,0,0,0,0,0,0,37192
336,-1439.251334,155,0,0,0,0,0,0,0,37680
337,-981.326343,80,0,0,0,0,0,0,0,37736
338,-544.114896,32,0,0,0,0,0,0,0,37992
339,-1472.500244,207,0,0,0,0,0,0,0,38280
340,-1181.907608,151,0,0,0,0,0,0,0,38400
341,-1137.912332,58,0,0,0,0,0,0,0,38456
342,-1459.195206,206,0,0,0,0,0,0,0,38728
343,-904.059946,43,0,0,0,0,0,0,0,38744
344,-970.441501,70,0,0,0,0,0,0,0,38840
345,-778.454587,37,0,0,0,0,0,0,0,39024
346,-719.937787,37,0,0,0,0,0,0,0,39136
347,-1121.385873,88,0,0,0,0,0,0,0,39160
348,-1079.032812,79,0,0,0,0,0,0,0,39376
349,-778.473148,40,0,0,0,0,0,0,0,39456
350,-1752.837476,229,0,0,0,0,0,0,0,39512
351,-1215.933096,101,0,0,0,0,0,0,0,39832
352,-1041.592468,86,0,0,0,0,0,0,0,39848
353,-1901.825571,525,0,0,0,0,0,0,0,39856
354,-1089.80289,70,0,0,0,0,0,0,0,40072
355,-1127.104095,61,0,0,0,0,0,0,0,40336
356,-2071.148245,471,0,0,0,0,0,0,0,40368
357,-2567.164926,525,0,0,0,0,0,0,0,40688
358,-1514.098172,177,0,0,0,0,0,0,0,40792
359,-1398.317661,185,0,0,0,0,0,0,0,40936
360,-1189.718951,120,0,0,0,0,0,0,0,41032
361,-1221.253494,96,0,0,0,0,0,0,0,41136
362,-1185.85155,105,0,0,0,0,0,0,0,41176
363,-565.785873,36,0,0,0,0,0,0,0,41224
364,-942.229401,76,0,0,0,0,0,0,0,41400
365,-604.511322,46,0,0,0,0,0,0,0,41400
366,-1071.3591,51,0,0,0,0,0,0,0,41584
367,-943.789883,119,0,0,0,0,0,0,0,41640
368,-559.03111,37,0,0,0,0,0,0,0,41696
369,-1733.699014,248,0,0,0,0,0,0,0,41816
370,-781.254605,37,0,0,0,0,0,0,0,41880
371,-2047.510541,283,0,0,0,0,0,0,0,42120
372,-995.345502,112,0,0,0,0,0,0,0,42120
373,-1213.65892,106,0,0,0,0,0,0,0,42248
374,-789.004886,40,0,0,0,0,0,0,0,42440
375,-1186.391122,106,0,0,0,0,0,0,0,42544
376,-1055.892368,110,0,0,0,0,0,0,0,42696
377,-977.360339,65,0,0,0,0,0,0,0,42768
378,-1342.488077,149,0,0,0,0,0,0,0,42832
379,-1364.454819,121,0,0,0,0,0,0,0,43512
380,-1195.425046,97,0,0,0,0,0,0,0,43544
381,-1288.66322,185,0,0,0,0,0,0,0,43600
382,-1735.424274,227,0,0,0,0,0,0,0,43696
383,-1063.586102,112,0,0,0,0,0,0,0,43728
384,-796.578357,40,0,0,0,0,0,0,0,43832
385,-852.49964,49,0,0,0,0,0,0,0,43936
386,-753.749072,40,0,0,0,0,0,0,0,44048
387,-1559.075134,206,0,0,0,0,0,0,0,44344
388,-503.506207,37,0,0,0,0,0,0,0,44344
389,-806.116788,37,0,0,0,0,0,0,0,44640
390,-1123.497516,110,0,0,0,0,0,0,0,44816
391,-583.575168,40,0,0,0,0,0,0,0,44960
392,-590.416495,44,0,0,0,0,0,0,0,45168
393,-556.27002,21,0,0,0,0,0,0,0,45336
394,-2345.360529,525,0,0,0,0,0,0,0,45336
395,-1738.133008,233,0,0,0,0,0,0,0,45464
396,-1230.204935,58,0,0,0,0,0,0,0,45800
397,-1111.982159,112,0,0,0,0,0,0,0,45856
398,-956.889371,67,0,0,0,0,0,0,0,46000
399,-2421.778107,525,0,0,0,0,0,0,0,46640
400,-1256.782321,140,0,0,0,0,0,0,0,47120
401,-1052.126346,80,0,0,0,0,0,0,0,47280
402,-1757.263123,458,0,0,0,0,0,0,0,47496
403,-1627.687976,233,0,0,0,0,0,0,0,47720
404,-1976.153928,525,0,0,0,0,0,0,0,47896
405,-1145.157382,105,0,0,0,0,0,0,0,47960
406,-754.987454,37,0,0,0,0,0,0,0,48016
407,-1206.420837,51,0,0,0,0,0,0,0,48424
408,-2855.281433,525,0,0,0,0,0,0,0,48544
409,-1675.538818,191,0,0,0,0,0,0,0,48808
410,-1407.090784,191,0,0,0,0,0,0,0,49488
411,-2282.691849,525,0,0,0,0,0,0,0,49536
412,-1190.464395,134,0,0,0,0,0,0,0,49616
413,-1760.995892,233,0,0,0,0,0,0,0,49760
414,-766.442899,37,0,0,0,0,0,0,0,49832
415,-1120.272357,30,0,0,0,0,0,0,0,49856
416,-1584.528024,525,0,0,0,0,0,0,0,50000
417,-945.115494,66,0,0,0,0,0,0,0,50016
418,-592.692859,40,0,0,0,0,0,0,0,50080
419,-693.424329,37,0,0,0,0,0,0,0,50152
420,-1684.622147,233,0,0,0,0,0,0,0,50288
421,-669.330573,34,0,0,0,0,0,0,0,50352
422,-1102.065063,51,0,0,0,0,0,0,0,50760
423,-1132.810358,108,0,0,0,0,0,0,0,51624
424,-2040.37728,521,0,0,0,0,0,0,0,51664
425,-1743.985056,236,0,0,0,0,0,0,0,51888
426,-1867.249017,269,0,0,0,0,0,0,0,51984
427,-534.383411,40,0,0,0,0,0,0,0,52208
428,-1241.366281,98,0,0,0,0,0,0,0,52448
429,-1833.199454,291,0,0,0,0,0,0,0,52480
430,-578.877826,40,0,0,0,0,0,0,0,52528
431,-1284.738019,122,0,0,0,0,0,0,0,52600
432,-924.793512,43,0,0,0,0,0,0,0,52792
433,-1009.956534,49,0,0,0,0,0,0,0,52872
434,-1057.669189,116,0,0,0,0,0,0,0,52912
435,-2612.742722,525,0,0,0,0,0,0,0,53008
436,-984.01478,68,0,0,0,0,0,0,0,53144
437,-807.53959,43,0,0,0,0,0,0,0,53216
438,-1798.060858,402,0,0,0,0,0,0,0,53232
439,-1181.872134,90,0,0,0,0,0,0,0,53248
440,-919.797964,74,0,0,0,0,0,0,0,53736
441,-1019.579782,83,0,0,0,0,0,0,0,53880
442,-1203.151816,115,0,0,0,0,0,0,0,53928
443,-1525.652615,181,0,0,0,0,0,0,0,54240
444,-1358.881674,144,0,0,0,0,0,0,0,54400
445,-2039.367084,525,0,0,0,0,0,0,0,54488
446,-414.994617,45,0,0,0,0,0,0,0,54600
447,-1092.557098,101,0,0,0,0,0,0,0,54688
448,-894.642313,43,0,0,0,0,0,0,0,54744
449,-902.169308,67,0,0,0,0,0,0,0,55136
450,-1157.160394,103,0,0,0,0,0,0,0,55312
451,-1514.954501,187,0,0,0,0,0,0,0,55424
452,-1182.699997,101,0,0,0,0,0,0,0,55552
453,-1473.941888,227,0,0,0,0,0,0,0,55552
454,-779.098126,37,0,0,0,0,0,0,0,55608
455,-1115.780466,48,0,0,0,0,0,0,0,55808
456,-805.083133,40,0,0,0,0,0,0,0,55872
457,-393.508276,34,0,0,0,0,0,0,0,55880
458,-654.453348,23,0,0,0,0,0,0,0,56056
459,-517.767947,40,0,0,0,0,0,0,0,56200
460,-818.687878,37,0,0,0,0,0,0,0,56352
461,-928.51207,41,0,0,0,0,0,0,0,56528
462,-1848.640054,259,0,0,0,0,0,0,0,56760
463,-540.111362,40,0,0,0,0,0,0,0,56848
464,-1174.44729,68,0,0,0,0,0,0,0,56896
465,-1570.039047,236,0,0,0,0,0,0,0,57024
466,-2604.327509,525,0,0,0,0,0,0,0,57112
467,-757.592157,43,0,0,0,0,0,0,0,57240
468,-574.635278,38,0,0,0,0,0,0,0,57416
469,-2545.128488,525,0,0,0,0,0,0,0,57432
470,-565.12872,37,0,0,0,0,0,0,0,57536
471,-1576.634183,216,0,0,0,0,0,0,0,57536
472,-1107.832748,96,0,0,0,0,0,0,0,57616
473,-1869.27887,260,0,0,0,0,0,0,0,57632
474,-1088.098566,48,0,0,0,0,0,0,0,57816
475,-965.111264,52,0,0,0,0,0,0,0,57952
476,-1000.55144,65,0,0,0,0,0,0,0,58136
477,-1218.9069,98,0,0,0,0,0,0,0,58200
478,-608.640167,46,0,0,0,0,0,0,0,58320
479,-804.371463,40,0,0,0,0,0,0,0,58456
480,-1024.940323,96,0,0,0,0,0,0,0,58584
481,-1528.409952,202,0,0,0,0,0,0,0,58640
482,-863.244955,34,0,0,0,0,0,0,0,58728
483,-684.266376,40,0,0,0,0,0,0,0,58904
484,-781.536136,40,0,0,0,0,0,0,0,58960
485,-1421.274368,136,0,0,0,0,0,0,0,59408
486,-1671.227817,256,0,0,0,0,0,0,0,59584
487,-889.189536,59,0,0,0,0,0,0,0,59880
488,-1384.719879,136,0,0,0,0,0,0,0,60048
489,-1725.784042,236,0,0,0,0,0,0,0,60088
490,-1209.687729,56,0,0,0,0,0,0,0,60328
491,-717.002979,40,0,0,0,0,0,0,0,60368
492,-1659.858917,236,0,0,0,0,0,0,0,60792
493,-1046.145016,72,0,0,0,0,0,0,0,60904
494,-2292.430545,525,0,0,0,0,0,0,0,60960
495,-554.616595,25,0,0,0,0,0,0,0,60992
496,-1152.809879,90,0,0,0,0,0,0,0,61088
497,-1385.897787,191,0,0,0,0,0,0,0,61112
498,-738.38616,29,0,0,0,0,0,0,0,61224
499,-897.65817,67,0,0,0,0,0,0,0,61440
500,-1636.014124,200,0,0,0,0,0,0,0,61688
501,-914.569199,61,0,0,0,0,0,0,0,61712
502,-1189.768973,99,0,0,0,0,0,0,0,61752
503,-994.540543,86,0,0,0,0,0,0,0,61776
504,-2216.441663,525,0,0,0,0,0,0,0,61832
505,-1139.035605,107,0,0,0,0,0,0,0,61968
506,-921.561444,22,0,0,0,0,0,0,0,62008
507,-754.757922,40,0,0,0,0,0,0,0,62032
508,-1219.087463,56,0,0,0,0,0,0,0,62224
509,-1022.768301,69,0,0,0,0,0,0,0,62304
510,-772.671353,37,0,0,0,0,0,0,0,62304
511,-857.257544,49,0,0,0,0,0,0,0,62360
512,-1075.152347,80,0,0,0,0,0,0,0,62864
513,-2350.549768,525,0,0,0,0,0,0,0,62928
514,-1392.103644,185,0,0,0,0,0,0,0,63168
515,-712.541043,37,0,0,0,0,0,0,0,63224
516,-591.95108,46,0,0,0,0,0,0,0,63232
517,-989.421414,42,0,0,0,0,0,0,0,63504
518,-970.085095,57,0,0,0,0,0,0,0,63688
519,-1582.671326,201,0,0,0,0,0,0,0,63912
520,-1727.337769,251,0,0,0,0,0,0,0,64040
521,-1215.729279,126,0,0,0,0,0,0,0,64232
522,-794.115323,37,0,0,0,0,0,0,0,64336
523,-1210.540796,108,0,0,0,0,0,0,0,64368
524,-1084.620935,103,0,0,0,0,0,0,0,64736
525,-525.484933,43,0,0,0,0,0,0,0,65080
526,-1240.501917,98,0,0,0,0,0,0,0,65152
527,-1382.335675,146,0,0,0,0,0,0,0,65504
528,-1951.360965,525,0,0,0,0,0,0,0,65640
529,-1378.880096,185,0,0,0,0,0,0,0,65712
530,-643.309772,45,0,0,0,0,0,0,0,65864
531,-1007.964066,31,0,0,0,0,0,0,0,65960
532,-972.679733,46,0,0,0,0,0,0,0,66008
533,-1960.696112,291,0,0,0,0,0,0,0,66016
534,-883.175525,50,0,0,0,0,0,0,0,66264
535,-1012.084848,38,0,0,0,0,0,0,0,66264
536,-935.573199,50,0,0,0,0,0,0,0,66408
537,-1014.57471,50,0,0,0,0,0,0,0,66416
538,-897.429678,24,0,0,0,0,0,0,0,66456
539,-2166.152127,525,0,0,0,0,0,0,0,66504
540,-554.95387,17,0,0,0,0,0,0,0,66544
541,-2485.665973,525,0,0,0,0,0,0,0,66560
542,-1204.069952,59,0,0,0,0,0,0,0,66736
543,-551.22066,45,0,0,0,0,0,0,0,66776
544,-787.137347,35,0,0,0,0,0,0,0,66784
545,-1487.278296,210,0,0,0,0,0,0,0,66832
546,-821.322101,50,0,0,0,0,0,0,0,66856
547,-581.230777,45,0,0,0,0,0,0,0,66904
548,-986.7396,49,0,0,0,0,0,0,0,66952
549,-1688.686542,236,0,0,0,0,0,0,0,66968
550,-615.852432,31,0,0,0,0,0,0,0,67080
551,-909.822562,34,0,0,0,0,0,0,0,67128
552,-874.884357,50,0,0,0,0,0,0,0,67136
553,-1016.040637,60,0,0,0,0,0,0,0,67256
554,-906.58591,50,0,0,0,0,0,0,0,67304
555,-781.661685,50,0,0,0,0,0,0,0,67368
556,-493.788022,32,0,0,0,0,0,0,0,67384
557,-1203.39877,57,0,0,0,0,0,0,0,67408
558,-634.679687,51,0,0,0,0,0,0,0,67488
559,-714.904788,45,0,0,0,0,0,0,0,67496
560,-428.886572,29,0,0,0,0,0,0,0,67536
561,-807.806665,28,0,0,0,0,0,0,0,67712
562,-943.176001,59,0,0,0,0,0,0,0,67728
563,-811.006046,50,0,0,0,0,0,0,0,67768
564,-801.781097,46,0,0,0,0,0,0,0,67776
565,-817.462085,50,0,0,0,0,0,0,0,67784
566,-747.654971,50,0,0,0,0,0,0,0,67896
567,-964.717896,46,0,0,0,0,0,0,0,67904
568,-567.42142,30,0,0,0,0,0,0,0,68008
569,-901.772327,40,0,0,0,0,0,0,0,68032
570,-850.659579,50,0,0,0,0,0,0,0,68128
571,-1003.774887,46,0,0,0,0,0,0,0,68152
572,-879.118945,50,0,0,0,0,0,0,0,68176
573,-726.494525,50,0,0,0,0,0,0,0,68296
574,-870.464801,50,0,0,0,0,0,0,0,68304
575,-1356.516168,196,0,0,0,0,0,0,0,68352
576,-691.510999,32,0,0,0,0,0,0,0,68408
577,-1169.057385,52,0,0,0,0,0,0,0,68424
578,-869.229739,50,0,0,0,0,0,0,0,68432
579,-673.29137,50,0,0,0,0,0,0,0,68528
580,-917.230664,32,0,0,0,0,0,0,0,68552
581,-873.407123,50,0,0,0,0,0,0,0,68576
582,-926.657346,32,0,0,0,0,0,0,0,68664
583,-881.730609,50,0,0,0,0,0,0,0,68704
584,-1133.844058,40,0,0,0,0,0,0,0,68744
585,-843.802164,43,0,0,0,0,0,0,0,68776
586,-1247.909854,65,0,0,0,0,0,0,0,68872
587,-1014.691983,42,0,0,0,0,0,0,0,68888
588,-960.15784,40,0,0,0,0,0,0,0,68896
589,-435.062015,30,0,0,0,0,0,0,0,68904
590,-1145.983115,54,0,0,0,0,0,0,0,68960
591,-789.36412,31,0,0,0,0,0,0,0,69024
592,-956.396542,42,0,0,0,0,0,0,0,69080
593,-833.521442,50,0,0,0,0,0,0,0,69104
594,-931.848218,27,0,0,0,0,0,0,0,69112
595,-1003.269327,33,0,0,0,0,0,0,0,69152
596,-1029.307635,40,0,0,0,0,0,0,0,69224
597,-864.04581,50,0,0,0,0,0,0,0,69272
598,-984.119943,23,0,0,0,0,0,0,0,69288
599,-616.063986,34,0,0,0,0,0,0,0,69296
600,-814.623859,45,0,0,0,0,0,0,0,69320
601,-651.680524,22,0,0,0,0,0,0,0,69328
602,-765.047824,40,0,0,0,0,0,0,0,69400
603,-481.594516,25,0,0,0,0,0,0,0,69424
604,-849.874762,24,0,0,0,0,0,0,0,69464
605,-802.162692,50,0,0,0,0,0,0,0,69512
606,-855.623679,29,0,0,0,0,0,0,0,69520
607,-583.402469,30,0,0,0,0,0,0,0,69536
608,-1072.204352,29,0,0,0,0,0,0,0,69696
609,-1011.016425,34,0,0,0,0,0,0,0,69696
610,-775.689761,50,0,0,0,0,0,0,0,69720
611,-826.127505,50,0,0,0,0,0,0,0,69728
612,-968.240311,46,0,0,0,0,0,0,0,69768
613,-1070.006702,40,0,0,0,0,0,0,0,69856
614,-1155.673068,45,0,0,0,0,0,0,0,69872
615,-842.662311,50,0,0,0,0,0,0,0,69920
616,-808.560199,50,0,0,0,0,0,0,0,70096
617,-820.165378,50,0,0,0,0,0,0,0,70096
618,-879.939258,50,0,0,0,0,0,0,0,70120
619,-797.254565,50,0,0,0,0,0,0,0,70128
620,-959.913788,51,0,0,0,0,0,0,0,70176
621,-845.441135,50,0,0,0,0,0,0,0,70256
622,-934.399814,50,0,0,0,0,0,0,0,70272
623,-784.810535,50,0,0,0,0,0,0,0,70320
624,-679.368723,38,0,0,0,0,0,0,0,70480
625,-819.768115,50,0,0,0,0,0,0,0,70496
626,-878.869128,50,0,0,0,0,0,0,0,70496
627,-811.11507,50,0,0,0,0,0,0,0,70520
628,-866.351505,50,0,0,0,0,0,0,0,70528
629,-908.749728,50,0,0,0,0,0,0,0,70656
630,-865.66788,50,0,0,0,0,0,0,0,70672
631,-875.744727,29,0,0,0,0,0,0,0,70728
632,-1028.479648,55,0,0,0,0,0,0,0,70760
633,-892.904636,50,0,0,0,0,0,0,0,70880
634,-1049.002213,46,0,0,0,0,0,0,0,70888
635,-794.19028,50,0,0,0,0,0,0,0,70896
636,-901.413943,30,0,0,0,0,0,0,0,70912
637,-863.646732,50,0,0,0,0,0,0,0,70928
638,-771.688721,31,0,0,0,0,0,0,0,71008
639,-979.576749,37,0,0,0,0,0,0,0,71024
640,-874.92038,21,0,0,0,0,0,0,0,71048
641,-822.230411,50,0,0,0,0,0,0,0,71056
642,-370.625778,41,0,0,0,0,0,0,0,71256
643,-1020.193558,46,0,0,0,0,0,0,0,71264
644,-879.847949,50,0,0,0,0,0,0,0,71288
645,-884.25802,48,0,0,0,0,0,0,0,71296
646,-908.251172,32,0,0,0,0,0,0,0,71304
647,-916.646713,51,0,0,0,0,0,0,0,71432
648,-818.214786,50,0,0,0,0,0,0,0,71456
649,-616.032938,23,0,0,0,0,0,0,0,71488
650,-1002.656586,46,0,0,0,0,0,0,0,71656
651,-833.916232,50,0,0,0,0,0,0,0,71656
652,-853.386356,50,0,0,0,0,0,0,0,71664
653,-828.256467,47,0,0,0,0,0,0,0,71672
654,-1011.709915,46,0,0,0,0,0,0,0,71800
655,-952.326938,100,0,0,0,0,0,0,0,71808
656,-773.605975,50,0,0,0,0,0,0,0,71856
657,-954.016422,50,0,0,0,0,0,0,0,71888
658,-895.512302,30,0,0,0,0,0,0,0,71896
659,-1058.249936,47,0,0,0,0,0,0,0,72032
660,-766.0289,26,0,0,0,0,0,0,0,72064
661,-866.895877,50,0,0,0,0,0,0,0,72072
662,-871.419815,56,0,0,0,0,0,0,0,72112
663,-941.733774,43,0,0,0,0,0,0,0,72144
664,-1008.396655,40,0,0,0,0,0,0,0,72216
665,-708.456021,42,0,0,0,0,0,0,0,72224
666,-426.61412,26,0,0,0,0,0,0,0,72240
667,-1142.213351,70,0,0,0,0,0,0,0,72368
668,-908.837625,38,0,0,0,0,0,0,0,72376
669,-1159.333496,46,0,0,0,0,0,0,0,72432
670,-1073.513916,46,0,0,0,0,0,0,0,72480
671,-860.757086,39,0,0,0,0,0,0,0,72528
672,-818.142368,50,0,0,0,0,0,0,0,72544
673,-1001.799927,46,0,0,0,0,0,0,0,72592
674,-882.766803,50,0,0,0,0,0,0,0,72640
675,-915.372397,24,0,0,0,0,0,0,0,72736
676,-895.006558,32,0,0,0,0,0,0,0,72736
677,-914.722015,46,0,0,0,0,0,0,0,72744
678,-921.989856,50,0,0,0,0,0,0,0,72768
679,-982.92868,46,0,0,0,0,0,0,0,72800
680,-1083.325543,37,0,0,0,0,0,0,0,72936
681,-999.610352,46,0,0,0,0,0,0,0,72960
682,-926.040936,32,0,0,0,0,0,0,0,72992
683,-785.031534,38,0,0,0,0,0,0,0,73048
684,-1246.388977,66,0,0,0,0,0,0,0,73056
685,-843.35271,50,0,0,0,0,0,0,0,73136
686,-866.953357,50,0,0,0,0,0,0,0,73168
687,-746.362384,50,0,0,0,0,0,0,0,73200
688,-862.954953,32,0,0,0,0,0,0,0,73216
689,-1057.128488,38,0,0,0,0,0,0,0,73352
690,-1023.645966,46,0,0,0,0,0,0,0,73360
691,-744.264975,29,0,0,0,0,0,0,0,73400
692,-1014.937509,43,0,0,0,0,0,0,0,73400
693,-879.30304,36,0,0,0,0,0,0,0,73424
694,-1264.056558,73,0,0,0,0,0,0,0,73520
695,-713.946115,28,0,0,0,0,0,0,0,73584
696,-865.488315,50,0,0,0,0,0,0,0,73600
697,-866.266162,50,0,0,0,0,0,0,0,73616
698,-1006.699551,47,0,0,0,0,0,0,0,73728
699,-769.80759,45,0,0,0,0,0,0,0,73760
700,-821.795871,50,0,0,0,0,0,0,0,73800
701,-725.698718,25,0,0,0,0,0,0,0,73816
702,-802.971591,50,0,0,0,0,0,0,0,73824
703,-796.730478,38,0,0,0,0,0,0,0,73904
704,-845.686557,50,0,0,0,0,0,0,0,73920
705,-1018.742624,43,0,0,0,0,0,0,0,73928
706,-326.365237,30,0,0,0,0,0,0,0,73968
707,-581.261578,27,0,0,0,0,0,0,0,74016
708,-712.961816,13,0,0,0,0,0,0,0,74032
709,-875.127414,50,0,0,0,0,0,0,0,74160
710,-733.595779,46,0,0,0,0,0,0,0,74192
711,-977.571368,50,0,0,0,0,0,0,0,74216
712,-695.067029,32,0,0,0,0,0,0,0,74224
713,-846.79274,31,0,0,0,0,0,0,0,74264
714,-825.299426,50,0,0,0,0,0,0,0,74304
715,-952.229407,34,0,0,0,0,0,0,0,74304
716,-807.480487,50,0,0,0,0,0,0,0,74320
717,-917.171307,32,0,0,0,0,0,0,0,74448
718,-792.125604,28,0,0,0,0,0,0,0,74488
719,-747.324832,50,0,0,0,0,0,0,0,74560
720,-965.458554,32,0,0,0,0,0,0,0,74560
721,-796.438129,50,0,0,0,0,0,0,0,74616
722,-1011.40188,58,0,0,0,0,0,0,0,74688
723,-799.154086,50,0,0,0,0,0,0,0,74704
724,-932.07561,50,0,0,0,0,0,0,0,74720
725,-828.753027,29,0,0,0,0,0,0,0,74792
726,-903.749591,50,0,0,0,0,0,0,0,74848
727,-898.299609,50,0,0,0,0,0,0,0,74888
728,-932.043011,32,0,0,0,0,0,0,0,74944
729,-914.675403,50,0,0,0,0,0,0,0,74960
730,-784.452045,50,0,0,0,0,0,0,0,75016
731,-656.206882,40,0,0,0,0,0,0,0,75040
732,-402.737421,23,0,0,0,0,0,0,0,75072
733,-777.910785,50,0,0,0,0,0,0,0,75104
734,-664.528842,40,0,0,0,0,0,0,0,75112
735,-1070.958597,28,0,0,0,0,0,0,0,75184
736,-817.831064,43,0,0,0,0,0,0,0,75192
737,-736.84747,32,0,0,0,0,0,0,0,75200
738,-736.106281,35,0,0,0,0,0,0,0,75320
739,-676.956775,30,0,0,0,0,0,0,0,75352
740,-1095.034799,38,0,0,0,0,0,0,0,75376
741,-515.381592,26,0,0,0,0,0,0,0,75408
742,-820.873111,50,0,0,0,0,0,0,0,75416
743,-847.09325,50,0,0,0,0,0,0,0,75504
744,-864.915009,46,0,0,0,0,0,0,0,75560
745,-952.533344,50,0,0,0,0,0,0,0,75584
746,-922.799435,32,0,0,0,0,0,0,0,75632
747,-817.786731,50,0,0,0,0,0,0,0,75720
748,-948.154575,50,0,0,0,0,0,0,0,75752
749,-679.426859,23,0,0,0,0,0,0,0,75768
750,-808.714282,50,0,0,0,0,0,0,0,75816
751,-360.335193,45,0,0,0,0,0,0,0,75864
752,-843.272745,63,0,0,0,0,0,0,0,75912
753,-796.134738,50,0,0,0,0,0,0,0,75960
754,-510.826602,20,0,0,0,0,0,0,0,75976
755,-1019.500555,54,0,0,0,0,0,0,0,76064
756,-800.414142,50,0,0,0,0,0,0,0,76120
757,-1012.121185,46,0,0,0,0,0,0,0,76136
758,-823.120074,50,0,0,0,0,0,0,0,76152
759,-988.652298,46,0,0,0,0,0,0,0,76232
760,-1005.111447,37,0,0,0,0,0,0,0,76272
761,-968.977982,46,0,0,0,0,0,0,0,76280
762,-1060.515247,35,0,0,0,0,0,0,0,76344
763,-788.43111,50,0,0,0,0,0,0,0,76360
764,-1084.059402,36,0,0,0,0,0,0,0,76408
765,-860.502356,34,0,0,0,0,0,0,0,76424
766,-879.688794,32,0,0,0,0,0,0,0,76488
767,-789.60979,50,0,0,0,0,0,0,0,76536
768,-462.565991,32,0,0,0,0,0,0,0,76536
769,-961.967175,22,0,0,0,0,0,0,0,76584
770,-790.235141,45,0,0,0,0,0,0,0,76632
771,-817.81925,49,0,0,0,0,0,0,0,76736
772,-1015.810178,32,0,0,0,0,0,0,0,76744
773,-823.317294,50,0,0,0,0,0,0,0,76760
774,-864.119708,50,0,0,0,0,0,0,0,76824
775,-910.820728,45,0,0,0,0,0,0,0,76896
776,-816.87923,50,0,0,0,0,0,0,0,76936
777,-859.109402,42,0,0,0,0,0,0,0,76968
778,-858.622501,50,0,0,0,0,0,0,0,76984
779,-987.982407,36,0,0,0,0,0,0,0,77048
780,-1014.235779,41,0,0,0,0,0,0,0,77072
781,-496.3897,24,0,0,0,0,0,0,0,77128
782,-789.798099,50,0,0,0,0,0,0,0,77136
783,-1067.104416,41,0,0,0,0,0,0,0,77152
784,-1057.055008,46,0,0,0,0,0,0,0,77336
785,-811.983279,50,0,0,0,0,0,0,0,77384
786,-819.98483,62,0,0,0,0,0,0,0,77392
787,-854.140613,30,0,0,0,0,0,0,0,77392
788,-766.12514,50,0,0,0,0,0,0,0,77448
789,-771.7979,50,0,0,0,0,0,0,0,77528
790,-977.503809,58,0,0,0,0,0,0,0,77536
791,-860.034641,50,0,0,0,0,0,0,0,77536
792,-643.629688,35,0,0,0,0,0,0,0,77672
793,-753.196252,43,0,0,0,0,0,0,0,77728
794,-837.071506,35,0,0,0,0,0,0,0,77728
795,-926.199741,50,0,0,0,0,0,0,0,77736
796,-666.408035,31,0,0,0,0,0,0,0,77776
797,-793.58504,50,0,0,0,0,0,0,0,77792
798,-726.02457,45,0,0,0,0,0,0,0,77896
799,-1100.281662,46,0,0,0,0,0,0,0,77904
800,-474.15307,23,0,0,0,0,0,0,0,78088
801,-813.153644,50,0,0,0,0,0,0,0,78128
802,-906.629291,50,0,0,0,0,0,0,0,78136
803,-1166.285211,53,0,0,0,0,0,0,0,78152
804,-931.129535,50,0,0,0,0,0,0,0,78176
805,-1107.637335,64,0,0,0,0,0,0,0,78184
806,-842.215915,50,0,0,0,0,0,0,0,78192
807,-938.717899,45,0,0,0,0,0,0,0,78256
808,-868.619974,33,0,0,0,0,0,0,0,78352
809,-1067.427884,27,0,0,0,0,0,0,0,78400
810,-738.842325,38,0,0,0,0,0,0,0,78432
811,-970.175171,46,0,0,0,0,0,0,0,78504
812,-1123.650363,50,0,0,0,0,0,0,0,78552
813,-962.783463,46,0,0,0,0,0,0,0,78560
814,-823.598743,50,0,0,0,0,0,0,0,78576
815,-879.462833,50,0,0,0,0,0,0,0,78656
816,-1066.736188,37,0,0,0,0,0,0,0,78696
817,-661.716373,25,0,0,0,0,0,0,0,78752
818,-781.310138,50,0,0,0,0,0,0,0,78752
819,-1021.517828,29,0,0,0,0,0,0,0,78792
820,-1032.342087,46,0,0,0,0,0,0,0,78800
821,-838.75481,50,0,0,0,0,0,0,0,78904
822,-1045.603796,44,0,0,0,0,0,0,0,78928
823,-806.332413,26,0,0,0,0,0,0,0,79008
824,-822.47449,50,0,0,0,0,0,0,0,79056
825,-650.449921,21,0,0,0,0,0,0,0,79072
826,-700.357724,52,0,0,0,0,0,0,0,79112
827,-989.100693,46,0,0,0,0,0,0,0,79120
828,-822.602039,50,0,0,0,0,0,0,0,79152
829,-1148.478809,50,0,0,0,0,0,0,0,79192
830,-819.740616,21,0,0,0,0,0,0,0,79280
831,-881.231738,50,0,0,0,0,0,0,0,79328
832,-920.497556,32,0,0,0,0,0,0,0,79408
833,-1111.90271,51,0,0,0,0,0,0,0,79416
834,-858.425281,50,0,0,0,0,0,0,0,79456
835,-766.564349,50,0,0,0,0,0,0,0,79472
836,-862.010104,50,0,0,0,0,0,0,0,79520
837,-916.265009,33,0,0,0,0,0,0,0,79544
838,-925.051617,32,0,0,0,0,0,0,0,79584
839,-773.886414,26,0,0,0,0,0,0,0,79624
840,-1109.617792,33,0,0,0,0,0,0,0,79672
841,-842.970184,26,0,0,0,0,0,0,0,79680
842,-1051.075281,68,0,0,0,0,0,0,0,79736
843,-318.959329,23,0,0,0,0,0,0,0,79768
844,-851.226321,45,0,0,0,0,0,0,0,79816
845,-982.988876,46,0,0,0,0,0,0,0,79912
846,-887.536136,50,0,0,0,0,0,0,0,79920
847,-1004.228589,42,0,0,0,0,0,0,0,79960
848,-1095.264536,43,0,0,0,0,0,0,0,80024
849,-841.525562,50,0,0,0,0,0,0,0,80072
850,-1020.71991,46,0,0,0,0,0,0,0,80136
851,-920.199115,50,0,0,0,0,0,0,0,80136
852,-704.87059,41,0,0,0,0,0,0,0,80144
853,-629.568018,28,0,0,0,0,0,0,0,80184
854,-520.366177,37,0,0,0,0,0,0,0,80216
855,-830.744965,46,0,0,0,0,0,0,0,80280
856,-896.22894,37,0,0,0,0,0,0,0,80368
857,-971.300217,46,0,0,0,0,0,0,0,80392
858,-1078.664603,34,0,0,0,0,0,0,0,80408
859,-536.23508,25,0,0,0,0,0,0,0,80480
860,-959.711261,50,0,0,0,0,0,0,0,80536
861,-822.502429,50,0,0,0,0,0,0,0,80544
862,-907.41781,43,0,0,0,0,0,0,0,80560
863,-786.039859,50,0,0,0,0,0,0,0,80584
864,-370.583047,28,0,0,0,0,0,0,0,80592
865,-938.368509,33,0,0,0,0,0,0,0,80656
866,-1020.383371,43,0,0,0,0,0,0,0,80752
867,-518.957639,27,0,0,0,0,0,0,0,80760
868,-727.848077,28,0,0,0,0,0,0,0,80808
869,-1091.107764,49,0,0,0,0,0,0,0,80928
870,-562.823569,24,0,0,0,0,0,0,0,80952
871,-813.379092,50,0,0,0,0,0,0,0,80960
872,-852.457217,50,0,0,0,0,0,0,0,80992
873,-915.149463,50,0,0,0,0,0,0,0,81056
874,-837.877518,46,0,0,0,0,0,0,0,81120
875,-929.150473,24,0,0,0,0,0,0,0,81120
876,-770.234674,23,0,0,0,0,0,0,0,81144
877,-849.113803,50,0,0,0,0,0,0,0,81208
878,-837.973639,99,0,0,0,0,0,0,0,81272
879,-1014.662537,46,0,0,0,0,0,0,0,81320
880,-867.302563,32,0,0,0,0,0,0,0,81376
881,-500.008685,30,0,0,0,0,0,0,0,81384
882,-550.73678,23,0,0,0,0,0,0,0,81392
883,-871.75101,50,0,0,0,0,0,0,0,81392
884,-998.687424,46,0,0,0,0,0,0,0,81424
885,-1133.515619,38,0,0,0,0,0,0,0,81424
886,-568.378751,22,0,0,0,0,0,0,0,81448
887,-229.784726,22,0,0,0,0,0,0,0,81568
888,-863.48497,46,0,0,0,0,0,0,0,81688
889,-1098.10936,46,0,0,0,0,0,0,0,81760
890,-815.017642,50,0,0,0,0,0,0,0,81776
891,-889.501132,50,0,0,0,0,0,0,0,81784
892,-867.847659,50,0,0,0,0,0,0,0,81824
893,-813.223422,50,0,0,0,0,0,0,0,81848
894,-1110.450452,62,0,0,0,0,0,0,0,81920
895,-711.856317,33,0,0,0,0,0,0,0,81952
896,-900.270984,50,0,0,0,0,0,0,0,81968
897,-820.468973,28,0,0,0,0,0,0,0,81984
898,-1109.768628,47,0,0,0,0,0,0,0,82152
899,-819.010165,50,0,0,0,0,0,0,0,82184
900,-815.373767,50,0,0,0,0,0,0,0,82224
901,-408.035297,35,0,0,0,0,0,0,0,82232
902,-785.417987,50,0,0,0,0,0,0,0,82248
903,-1050.768188,46,0,0,0,0,0,0,0,82288
904,-870.038562,50,0,0,0,0,0,0,0,82384
905,-795.5254,33,0,0,0,0,0,0,0,82448
906,-438.184085,30,0,0,0,0,0,0,0,82464
907,-934.170105,26,0,0,0,0,0,0,0,82496
908,-1048.599716,46,0,0,0,0,0,0,0,82520
909,-611.955301,73,0,0,0,0,0,0,0,82552
910,-692.452576,26,0,0,0,0,0,0,0,82592
911,-926.578354,46,0,0,0,0,0,0,0,82616
912,-784.415698,50,0,0,0,0,0,0,0,82632
913,-567.539615,30,0,0,0,0,0,0,0,82704
914,-933.044437,50,0,0,0,0,0,0,0,82848
915,-508.047293,34,0,0,0,0,0,0,0,82864
916,-361.861182,44,0,0,0,0,0,0,0,82872
917,-805.907321,50,0,0,0,0,0,0,0,82896
918,-1016.781082,46,0,0,0,0,0,0,0,82920
919,-966.236972,30,0,0,0,0,0,0,0,82944
920,-828.860104,42,0,0,0,0,0,0,0,82968
921,-810.495807,50,0,0,0,0,0,0,0,83016
922,-937.157059,36,0,0,0,0,0,0,0,83136
923,-918.993988,41,0,0,0,0,0,0,0,83224
924,-1072.811877,50,0,0,0,0,0,0,0,83264
925,-996.91795,37,0,0,0,0,0,0,0,83264
926,-961.531866,54,0,0,0,0,0,0,0,83304
927,-998.332831,49,0,0,0,0,0,0,0,83312
928,-1064.625259,46,0,0,0,0,0,0,0,83312
929,-735.784427,45,0,0,0,0,0,0,0,83496
930,-908.867102,34,0,0,0,0,0,0,0,83536
931,-636.2742,51,0,0,0,0,0,0,0,83632
932,-935.375397,46,0,0,0,0,0,0,0,83632
933,-888.004581,50,0,0,0,0,0,0,0,83704
934,-948.070285,50,0,0,0,0,0,0,0,83712
935,-954.094781,53,0,0,0,0,0,0,0,83736
936,-1019.251569,32,0,0,0,0,0,0,0,83752
937,-616.001971,25,0,0,0,0,0,0,0,83832
938,-1139.873648,54,0,0,0,0,0,0,0,83968
939,-993.314529,46,0,0,0,0,0,0,0,84000
940,-728.094467,36,0,0,0,0,0,0,0,84024
941,-520.934784,41,0,0,0,0,0,0,0,84032
942,-899.775714,50,0,0,0,0,0,0,0,84112
943,-751.405063,50,0,0,0,0,0,0,0,84152
944,-736.336487,31,0,0,0,0,0,0,0,84216
945,-832.999149,50,0,0,0,0,0,0,0,84232
946,-774.813193,29,0,0,0,0,0,0,0,84256
947,-1013.265445,50,0,0,0,0,0,0,0,84400
948,-806.958102,50,0,0,0,0,0,0,0,84432
949,-991.404846,46,0,0,0,0,0,0,0,84480
950,-905.886047,31,0,0,0,0,0,0,0,84504
951,-897.105032,39,0,0,0,0,0,0,0,84544
952,-869.232211,50,0,0,0,0,0,0,0,84616
953,-698.974112,29,0,0,0,0,0,0,0,84632
954,-1092.443469,60,0,0,0,0,0,0,0,84632
955,-937.638104,32,0,0,0,0,0,0,0,84688
956,-772.482941,31,0,0,0,0,0,0,0,84752
957,-1563.534082,219,0,0,0,0,0,0,0,84768
958,-1025.930923,46,0,0,0,0,0,0,0,84848
959,-775.144504,40,0,0,0,0,0,0,0,84864
960,-1034.738373,31,0,0,0,0,0,0,0,85016
961,-837.132983,50,0,0,0,0,0,0,0,85016
962,-718.494891,50,0,0,0,0,0,0,0,85032
963,-660.359424,45,0,0,0,0,0,0,0,85048
964,-869.387277,38,0,0,0,0,0,0,0,85056
965,-699.07879,43,0,0,0,0,0,0,0,85208
966,-765.810245,50,0,0,0,0,0,0,0,85248
967,-918.784512,32,0,0,0,0,0,0,0,85272
968,-1119.589813,36,0,0,0,0,0,0,0,85320
969,-939.830585,50,0,0,0,0,0,0,0,85416
970,-915.856631,50,0,0,0,0,0,0,0,85448
971,-779.216068,50,0,0,0,0,0,0,0,85456
972,-790.346799,27,0,0,0,0,0,0,0,85488
973,-607.699185,42,0,0,0,0,0,0,0,85544
974,-963.954587,32,0,0,0,0,0,0,0,85576
975,-677.942398,31,0,0,0,0,0,0,0,85704
976,-802.058841,50,0,0,0,0,0,0,0,85816
977,-999.035254,44,0,0,0,0,0,0,0,85840
978,-939.49744,50,0,0,0,0,0,0,0,85848
979,-632.693018,153,0,0,0,0,0,0,0,85856
980,-866.584094,45,0,0,0,0,0,0,0,85904
981,-1206.379169,85,0,0,0,0,0,0,0,85928
982,-955.127762,46,0,0,0,0,0,0,0,85944
983,-729.269946,50,0,0,0,0,0,0,0,86104
984,-900.503662,36,0,0,0,0,0,0,0,86144
985,-742.815323,26,0,0,0,0,0,0,0,86152
986,-763.578122,32,0,0,0,0,0,0,0,86160
987,-457.738593,29,0,0,0,0,0,0,0,86160
988,-1124.872928,50,0,0,0,0,0,0,0,86216
989,-920.712924,50,0,0,0,0,0,0,0,86240
990,-953.06293,50,0,0,0,0,0,0,0,86248
991,-848.752567,15,0,0,0,0,0,0,0,86280
992,-511.206403,27,0,0,0,0,0,0,0,86360
993,-1023.030774,37,0,0,0,0,0,0,0,86400
994,-807.662598,41,0,0,0,0,0,0,0,86488
995,-888.333856,38,0,0,0,0,0,0,0,86520
996,-983.403076,46,0,0,0,0,0,0,0,86520
997,-837.862842,40,0,0,0,0,0,0,0,86560
998,-890.541904,50,0,0,0,0,0,0,0,86680
999,-1202.3284,56,0,0,0,0,0,0,0,86696
1000,-387.481833,29,0,0,0,0,0,0,0,86720
1001,-887.319171,45,0,0,0,0,0,0,0,86720
1002,-924.961441,46,0,0,0,0,0,0,0,86768
1003,-823.480075,50,0,0,0,0,0,0,0,86920
1004,-946.232239,51,0,0,0,0,0,0,0,86928
1005,-823.999362,50,0,0,0,0,0,0,0,86960
1006,-832.304208,33,0,0,0,0,0,0,0,86984
1007,-948.692282,39,0,0,0,0,0,0,0,87080
1008,-804.84679,50,0,0,0,0,0,0,0,87080
1009,-1163.351199,50,0,0,0,0,0,0,0,87096
1010,-877.971011,50,0,0,0,0,0,0,0,87120
1011,-984.020468,29,0,0,0,0,0,0,0,87160
1012,-1082.732556,27,0,0,0,0,0,0,0,87296
1013,-770.454965,43,0,0,0,0,0,0,0,87304
1014,-878.793536,50,0,0,0,0,0,0,0,87320
1015,-1021.796646,31,0,0,0,0,0,0,0,87328
1016,-727.588043,31,0,0,0,0,0,0,0,87344
1017,-808.402451,46,0,0,0,0,0,0,0,87352
1018,-900.156912,34,0,0,0,0,0,0,0,87392
1019,-823.362415,30,0,0,0,0,0,0,0,87536
1020,-573.357544,31,0,0,0,0,0,0,0,87592
1021,-976.888046,46,0,0,0,0,0,0,0,87696
1022,-973.064685,50,0,0,0,0,0,0,0,87704
1023,-737.341479,50,0,0,0,0,0,0,0,87720
1024,-1218.771692,73,0,0,0,0,0,0,0,87744
1025,-810.304263,50,0,0,0,0,0,0,0,87752
1026,-821.430789,50,0,0,0,0,0,0,0,87792
1027,-962.857898,50,0,0,0,0,0,0,0,87936
1028,-787.106113,50,0,0,0,0,0,0,0,87992
1029,-1096.419174,46,0,0,0,0,0,0,0,88072
1030,-827.481921,50,0,0,0,0,0,0,0,88096
1031,-579.922803,22,0,0,0,0,0,0,0,88112
1032,-811.738483,50,0,0,0,0,0,0,0,88144
1033,-860.923984,50,0,0,0,0,0,0,0,88152
1034,-924.085175,21,0,0,0,0,0,0,0,88160
1035,-1096.566446,58,0,0,0,0,0,0,0,88184
1036,-822.412814,50,0,0,0,0,0,0,0,88192
1037,-295.729291,22,0,0,0,0,0,0,0,88248
1038,-1078.597131,33,0,0,0,0,0,0,0,88360
1039,-729.05452,31,0,0,0,0,0,0,0,88360
1040,-691.96582,26,0,0,0,0,0,0,0,88368
1041,-689.10639,24,0,0,0,0,0,0,0,88384
1042,-925.654919,32,0,0,0,0,0,0,0,88408
1043,-1097.378693,36,0,0,0,0,0,0,0,88432
1044,-1100.244812,46,0,0,0,0,0,0,0,88552
1045,-762.485236,29,0,0,0,0,0,0,0,88592
1046,-697.564792,45,0,0,0,0,0,0,0,88608
1047,-569.602057,24,0,0,0,0,0,0,0,88624
1048,-901.320355,32,0,0,0,0,0,0,0,88624
1049,-635.412991,27,0,0,0,0,0,0,0,88624
1050,-855.866797,39,0,0,0,0,0,0,0,88672
1051,-877.837024,50,0,0,0,0,0,0,0,88784
1052,-905.311551,32,0,0,0,0,0,0,0,88880
1053,-1093.986197,34,0,0,0,0,0,0,0,88896
1054,-1098.798239,39,0,0,0,0,0,0,0,88920
1055,-824.921787,50,0,0,0,0,0,0,0,88952
1056,-1123.8927,46,0,0,0,0,0,0,0,88992
1057,-1189.829309,53,0,0,0,0,0,0,0,89016
1058,-822.921741,50,0,0,0,0,0,0,0,89072
1059,-924.904327,26,0,0,0,0,0,0,0,89104
1060,-766.19249,31,0,0,0,0,0,0,0,89128
1061,-332.746854,22,0,0,0,0,0,0,0,89168
1062,-945.035175,50,0,0,0,0,0,0,0,89184
1063,-909.063504,32,0,0,0,0,0,0,0,89272
1064,-989.036346,46,0,0,0,0,0,0,0,89288
1065,-1012.983951,40,0,0,0,0,0,0,0,89424
1066,-1004.691522,38,0,0,0,0,0,0,0,89432
1067,-846.022021,50,0,0,0,0,0,0,0,89472
1068,-978.182986,40,0,0,0,0,0,0,0,89504
1069,-785.62355,36,0,0,0,0,0,0,0,89560
1070,-815.91373,50,0,0,0,0,0,0,0,89568
1071,-769.764874,37,0,0,0,0,0,0,0,89584
1072,-700.617007,85,0,0,0,0,0,0,0,89632
1073,-917.620267,32,0,0,0,0,0,0,0,89680
1074,-499.935107,25,0,0,0,0,0,0,0,89768
1075,-777.820969,41,0,0,0,0,0,0,0,89800
1076,-930.604535,32,0,0,0,0,0,0,0,89816
1077,-853.086398,50,0,0,0,0,0,0,0,89832
1078,-883.575183,50,0,0,0,0,0,0,0,89904
1079,-820.527087,50,0,0,0,0,0,0,0,89984
1080,-995.837723,46,0,0,0,0,0,0,0,90000
1081,-778.63222,50,0,0,0,0,0,0,0,90080
1082,-1013.120432,38,0,0,0,0,0,0,0,90104
1083,-623.293106,31,0,0,0,0,0,0,0,90152
1084,-800.766315,50,0,0,0,0,0,0,0,90168
1085,-545.95538,27,0,0,0,0,0,0,0,90200
1086,-764.12276,50,0,0,0,0,0,0,0,90216
1087,-804.249057,50,0,0,0,0,0,0,0,90232
1088,-732.659225,31,0,0,0,0,0,0,0,90328
1089,-1153.834308,50,0,0,0,0,0,0,0,90400
1090,-581.24928,32,0,0,0,0,0,0,0,90408
1091,-604.345975,32,0,0,0,0,0,0,0,90456
1092,-682.321387,34,0,0,0,0,0,0,0,90488
1093,-674.760049,43,0,0,0,0,0,0,0,90512
1094,-1060.524054,64,0,0,0,0,0,0,0,90616
1095,-676.168054,38,0,0,0,0,0,0,0,90632
1096,-825.694034,50,0,0,0,0,0,0,0,90632
1097,-630.486694,21,0,0,0,0,0,0,0,90680
1098,-754.442157,50,0,0,0,0,0,0,0,90800
1099,-812.268329,50,0,0,0,0,0,0,0,90808
1100,-660.004416,29,0,0,0,0,0,0,0,90848
1101,-1106.914355,50,0,0,0,0,0,0,0,90856
1102,-925.249286,50,0,0,0,0,0,0,0,90888
1103,-971.19064,32,0,0,0,0,0,0,0,90888
1104,-707.174109,24,0,0,0,0,0,0,0,91048
1105,-793.254645,34,0,0,0,0,0,0,0,91072
1106,-789.050525,50,0,0,0,0,0,0,0,91080
1107,-912.700528,32,0,0,0,0,0,0,0,91144
1108,-562.221719,38,0,0,0,0,0,0,0,91152
1109,-820.140546,37,0,0,0,0,0,0,0,91184
1110,-847.764804,50,0,0,0,0,0,0,0,91208
1111,-816.687231,79,0,0,0,0,0,0,0,91264
1112,-980.899057,23,0,0,0,0,0,0,0,91328
1113,-894.870267,32,0,0,0,0,0,0,0,91336
1114,-904.370804,36,0,0,0,0,0,0,0,91336
1115,-919.237943,32,0,0,0,0,0,0,0,91408
1116,-934.571552,50,0,0,0,0,0,0,0,91472
1117,-735.7284,39,0,0,0,0,0,0,0,91520
1118,-796.768024,50,0,0,0,0,0,0,0,91664
1119,-856.263889,45,0,0,0,0,0,0,0,91688
1120,-886.874377,50,0,0,0,0,0,0,0,91736
1121,-820.754672,50,0,0,0,0,0,0,0,91736
1122,-794.663425,50,0,0,0,0,0,0,0,91808
1123,-1209.975989,79,0,0,0,0,0,0,0,91816
1124,-840.553882,50,0,0,0,0,0,0,0,91872
1125,-961.153485,27,0,0,0,0,0,0,0,91880
1126,-830.25249,50,0,0,0,0,0,0,0,91920
1127,-902.089825,32,0,0,0,0,0,0,0,91992
1128,-719.538925,46,0,0,0,0,0,0,0,92056
1129,-909.843945,32,0,0,0,0,0,0,0,92128
1130,-835.228763,50,0,0,0,0,0,0,0,92136
1131,-1078.639328,46,0,0,0,0,0,0,0,92184
1132,-996.538385,33,0,0,0,0,0,0,0,92184
1133,-816.46091,50,0,0,0,0,0,0,0,92208
1134,-895.340582,34,0,0,0,0,0,0,0,92328
1135,-942.808826,50,0,0,0,0,0,0,0,92392
1136,-928.447256,39,0,0,0,0,0,0,0,92440
1137,-794.513126,50,0,0,0,0,0,0,0,92536
1138,-985.007477,46,0,0,0,0,0,0,0,92552
1139,-819.765414,50,0,0,0,0,0,0,0,92584
1140,-830.6664,50,0,0,0,0,0,0,0,92608
1141,-818.525684,50,0,0,0,0,0,0,0,92728
1142,-1138.723868,39,0,0,0,0,0,0,0,92752
1143,-881.331012,50,0,0,0,0,0,0,0,92792
1144,-933.038492,33,0,0,0,0,0,0,0,92816
1145,-1045.643863,40,0,0,0,0,0,0,0,92856
1146,-1080.654541,46,0,0,0,0,0,0,0,92952
1147,-170.181125,15,0,0,0,0,0,0,0,92976
1148,-618.296829,21,0,0,0,0,0,0,0,92984
1149,-840.015186,50,0,0,0,0,0,0,0,93008
1150,-859.577457,50,0,0,0,0,0,0,0,93128
1151,-815.960086,50,0,0,0,0,0,0,0,93152
1152,-843.978442,50,0,0,0,0,0,0,0,93192
1153,-248.023044,25,0,0,0,0,0,0,0,93208
1154,-856.993585,43,0,0,0,0,0,0,0,93296
1155,-1075.387485,50,0,0,0,0,0,0,0,93376
1156,-1308.727014,188,0,0,0,0,0,0,0,93384
1157,-909.136035,50,0,0,0,0,0,0,0,93384
1158,-1045.335663,26,0,0,0,0,0,0,0,93504
1159,-879.356708,50,0,0,0,0,0,0,0,93528
1160,-846.956683,50,0,0,0,0,0,0,0,93552
1161,-733.588867,46,0,0,0,0,0,0,0,93560
1162,-769.086243,26,0,0,0,0,0,0,0,93592
1163,-957.98009,50,0,0,0,0,0,0,0,93608
1164,-854.885974,20,0,0,0,0,0,0,0,93688
1165,-480.158939,20,0,0,0,0,0,0,0,93712
1166,-880.125552,50,0,0,0,0,0,0,0,93776
1167,-819.727481,50,0,0,0,0,0,0,0,93784
1168,-969.113626,28,0,0,0,0,0,0,0,93816
1169,-682.886334,32,0,0,0,0,0,0,0,93816
1170,-749.182465,31,0,0,0,0,0,0,0,93856
1171,-778.119144,50,0,0,0,0,0,0,0,93904
1172,-865.820142,32,0,0,0,0,0,0,0,93944
1173,-586.733893,34,0,0,0,0,0,0,0,94088
1174,-843.234622,50,0,0,0,0,0,0,0,94112
1175,-1090.71058,43,0,0,0,0,0,0,0,94120
1176,-788.613773,50,0,0,0,0,0,0,0,94184
1177,-943.804416,50,0,0,0,0,0,0,0,94216
1178,-902.566592,50,0,0,0,0,0,0,0,94256
1179,-1040.255432,46,0,0,0,0,0,0,0,94272
1180,-524.05173,30,0,0,0,0,0,0,0,94328
1181,-1027.050037,50,0,0,0,0,0,0,0,94344
1182,-1055.87132,37,0,0,0,0,0,0,0,94408
1183,-839.776923,29,0,0,0,0,0,0,0,94416
1184,-965.547495,28,0,0,0,0,0,0,0,94480
1185,-880.746341,50,0,0,0,0,0,0,0,94520
1186,-1022.531329,40,0,0,0,0,0,0,0,94536
1187,-548.867123,27,0,0,0,0,0,0,0,94560
1188,-785.505533,23,0,0,0,0,0,0,0,94600
1189,-885.214648,50,0,0,0,0,0,0,0,94672
1190,-791.629828,39,0,0,0,0,0,0,0,94720
1191,-871.659421,32,0,0,0,0,0,0,0,94736
1192,-774.28237,24,0,0,0,0,0,0,0,94864
1193,-741.114413,50,0,0,0,0,0,0,0,94920
1194,-761.807025,50,0,0,0,0,0,0,0,94936
1195,-934.077258,50,0,0,0,0,0,0,0,94960
1196,-732.363864,45,0,0,0,0,0,0,0,94960
1197,-1245.463007,83,0,0,0,0,0,0,0,94992
1198,-920.624677,32,0,0,0,0,0,0,0,94992
1199,-1046.806766,50,0,0,0,0,0,0,0,95120
1200,-824.405402,24,0,0,0,0,0,0,0,95128
1201,-928.187268,32,0,0,0,0,0,0,0,95216
1202,-682.28555,37,0,0,0,0,0,0,0,95256
1203,-810.110492,50,0,0,0,0,0,0,0,95264
1204,-945.528445,40,0,0,0,0,0,0,0,95312
1205,-721.295581,50,0,0,0,0,0,0,0,95320
1206,-945.027863,46,0,0,0,0,0,0,0,95360
1207,-774.617816,25,0,0,0,0,0,0,0,95464
1208,-890.945209,50,0,0,0,0,0,0,0,95520
1209,-902.756915,50,0,0,0,0,0,0,0,95528
1210,-750.788937,27,0,0,0,0,0,0,0,95536
1211,-886.784464,33,0,0,0,0,0,0,0,95576
1212,-935.000702,41,0,0,0,0,0,0,0,95584
1213,-909.705228,32,0,0,0,0,0,0,0,95616
1214,-638.545212,61,0,0,0,0,0,0,0,95704
1215,-700.25657,28,0,0,0,0,0,0,0,95760
1216,-1020.922287,46,0,0,0,0,0,0,0,95832
1217,-939.835956,45,0,0,0,0,0,0,0,95880
1218,-1062.964737,36,0,0,0,0,0,0,0,95904
1219,-897.907413,50,0,0,0,0,0,0,0,95976
1220,-823.472751,50,0,0,0,0,0,0,0,95984
1221,-915.094089,50,0,0,0,0,0,0,0,96104
1222,-909.309073,44,0,0,0,0,0,0,0,96112
1223,-916.597614,50,0,0,0,0,0,0,0,96280
1224,-993.7095,57,0,0,0,0,0,0,0,96288
1225,-871.630664,50,0,0,0,0,0,0,0,96304
1226,-1203.780887,100,0,0,0,0,0,0,0,96328
1227,-1078.331802,46,0,0,0,0,0,0,0,96344
1228,-884.799121,50,0,0,0,0,0,0,0,96384
1229,-807.851611,50,0,0,0,0,0,0,0,96504
1230,-962.888828,50,0,0,0,0,0,0,0,96512
1231,-704.177893,29,0,0,0,0,0,0,0,96512
1232,-522.804395,32,0,0,0,0,0,0,0,96584
1233,-794.972461,50,0,0,0,0,0,0,0,96688
1234,-780.941699,50,0,0,0,0,0,0,0,96704
1235,-868.979465,50,0,0,0,0,0,0,0,96744
1236,-929.626706,32,0,0,0,0,0,0,0,96768
1237,-941.784055,32,0,0,0,0,0,0,0,96768
1238,-886.356555,50,0,0,0,0,0,0,0,96784
1239,-820.055835,50,0,0,0,0,0,0,0,96904
1240,-985.876892,41,0,0,0,0,0,0,0,96912
1241,-1016.263705,45,0,0,0,0,0,0,0,97064
1242,-835.578357,50,0,0,0,0,0,0,0,97088
1243,-959.179379,47,0,0,0,0,0,0,0,97144
1244,-882.602924,50,0,0,0,0,0,0,0,97144
1245,-892.304721,45,0,0,0,0,0,0,0,97144
1246,-1093.769031,50,0,0,0,0,0,0,0,97168
1247,-750.412265,45,0,0,0,0,0,0,0,97272
1248,-1026.251056,50,0,0,0,0,0,0,0,97304
1249,-728.890793,31,0,0,0,0,0,0,0,97312
1250,-558.3879,29,0,0,0,0,0,0,0,97400
1251,-931.539127,20,0,0,0,0,0,0,0,97432
1252,-897.715488,40,0,0,0,0,0,0,0,97464
1253,-888.609683,50,0,0,0,0,0,0,0,97488
1254,-877.967883,50,0,0,0,0,0,0,0,97544
1255,-946.599155,50,0,0,0,0,0,0,0,97544
1256,-673.682608,34,0,0,0,0,0,0,0,97584
1257,-821.216251,50,0,0,0,0,0,0,0,97704
1258,-768.318939,41,0,0,0,0,0,0,0,97728
1259,-935.073834,42,0,0,0,0,0,0,0,97800
1260,-944.862552,50,0,0,0,0,0,0,0,97832
1261,-913.106995,46,0,0,0,0,0,0,0,97912
1262,-861.632217,46,0,0,0,0,0,0,0,97912
1263,-929.622488,54,0,0,0,0,0,0,0,97920
1264,-302.754108,25,0,0,0,0,0,0,0,97928
1265,-800.327426,50,0,0,0,0,0,0,0,97984
1266,-941.676178,31,0,0,0,0,0,0,0,98048
1267,-964.632983,50,0,0,0,0,0,0,0,98104
1268,-815.372363,50,0,0,0,0,0,0,0,98232
1269,-801.649872,41,0,0,0,0,0,0,0,98248
1270,-761.909152,50,0,0,0,0,0,0,0,98312
1271,-822.020114,50,0,0,0,0,0,0,0,98312
1272,-777.741733,50,0,0,0,0,0,0,0,98328
1273,-810.15239,31,0,0,0,0,0,0,0,98352
1274,-938.555881,50,0,0,0,0,0,0,0,98384
1275,-738.066226,50,0,0,0,0,0,0,0,98448
1276,-877.029446,22,0,0,0,0,0,0,0,98488
1277,-991.639883,34,0,0,0,0,0,0,0,98584
1278,-775.557971,30,0,0,0,0,0,0,0,98592
1279,-568.35553,46,0,0,0,0,0,0,0,98600
1280,-884.273831,22,0,0,0,0,0,0,0,98624
1281,-733.315063,31,0,0,0,0,0,0,0,98632
1282,-961.617725,50,0,0,0,0,0,0,0,98648
1283,-849.773212,40,0,0,0,0,0,0,0,98648
1284,-607.371445,21,0,0,0,0,0,0,0,98792
1285,-573.077451,27,0,0,0,0,0,0,0,98816
1286,-1146.43822,45,0,0,0,0,0,0,0,98848
1287,-831.413312,42,0,0,0,0,0,0,0,98920
1288,-747.214096,36,0,0,0,0,0,0,0,98936
1289,-1059.616779,50,0,0,0,0,0,0,0,98992
1290,-820.442249,50,0,0,0,0,0,0,0,99032
1291,-818.417084,50,0,0,0,0,0,0,0,99048
1292,-901.53024,32,0,0,0,0,0,0,0,99048
1293,-832.090826,29,0,0,0,0,0,0,0,99048
1294,-678.182321,23,0,0,0,0,0,0,0,99120
1295,-906.791943,42,0,0,0,0,0,0,0,99184
1296,-1037.653217,30,0,0,0,0,0,0,0,99232
1297,-774.413663,32,0,0,0,0,0,0,0,99288
1298,-817.88222,50,0,0,0,0,0,0,0,99320
1299,-720.734161,31,0,0,0,0,0,0,0,99432
1300,-655.838367,25,0,0,0,0,0,0,0,99432
1301,-1171.078729,48,0,0,0,0,0,0,0,99432
1302,-1179.73244,50,0,0,0,0,0,0,0,99448
1303,-881.070728,50,0,0,0,0,0,0,0,99448
1304,-670.518781,42,0,0,0,0,0,0,0,99456
1305,-915.810117,32,0,0,0,0,0,0,0,99576
1306,-407.037643,26,0,0,0,0,0,0,0,99656
1307,-849.615982,46,0,0,0,0,0,0,0,99656
1308,-880.892374,43,0,0,0,0,0,0,0,99776
1309,-969.700159,43,0,0,0,0,0,0,0,99776
1310,-743.441315,46,0,0,0,0,0,0,0,99816
1311,-1119.906787,50,0,0,0,0,0,0,0,99832
1312,-999.909259,50,0,0,0,0,0,0,0,99856
1313,-704.613809,28,0,0,0,0,0,0,0,99880
1314,-938.223248,37,0,0,0,0,0,0,0,99952
1315,-553.351389,23,0,0,0,0,0,0,0,99960
1316,-731.309952,31,0,0,0,0,0,0,0,100024
1317,-783.017899,46,0,0,0,0,0,0,0,100184
1318,-932.848965,49,0,0,0,0,0,0,0,100224
1319,-740.431247,85,0,0,0,0,0,0,0,100256
1320,-999.582629,50,0,0,0,0,0,0,0,100256
1321,-1022.240326,41,0,0,0,0,0,0,0,100280
1322,-818.332568,50,0,0,0,0,0,0,0,100280
1323,-789.190286,50,0,0,0,0,0,0,0,100360
1324,-411.624557,26,0,0,0,0,0,0,0,100464
1325,-201.093427,17,0,0,0,0,0,0,0,100496
1326,-747.982022,42,0,0,0,0,0,0,0,100520
1327,-739.958267,71,0,0,0,0,0,0,0,100592
1328,-994.425409,43,0,0,0,0,0,0,0,100600
1329,-879.374017,50,0,0,0,0,0,0,0,100624
1330,-1060.729648,50,0,0,0,0,0,0,0,100680
1331,-908.503873,32,0,0,0,0,0,0,0,100776
1332,-736.315039,24,0,0,0,0,0,0,0,100784
1333,-983.504672,45,0,0,0,0,0,0,0,100824
1334,-602.544104,29,0,0,0,0,0,0,0,100856
1335,-821.293018,50,0,0,0,0,0,0,0,100896
1336,-697.448804,17,0,0,0,0,0,0,0,100912
1337,-982.383554,43,0,0,0,0,0,0,0,100944
1338,-879.637653,45,0,0,0,0,0,0,0,101040
1339,-986.096417,32,0,0,0,0,0,0,0,101112
1340,-999.020911,104,0,0,0,0,0,0,0,101112
1341,-895.903424,32,0,0,0,0,0,0,0,101168
1342,-1120.290775,50,0,0,0,0,0,0,0,101184
1343,-811.283902,50,0,0,0,0,0,0,0,101224
1344,-967.043747,46,0,0,0,0,0,0,0,101264
1345,-817.807071,50,0,0,0,0,0,0,0,101344
1346,-540.288019,23,0,0,0,0,0,0,0,101352
1347,-777.246396,42,0,0,0,0,0,0,0,101376
1348,-1001.324844,21,0,0,0,0,0,0,0,101392
1349,-714.147086,29,0,0,0,0,0,0,0,101416
1350,-1040.041934,45,0,0,0,0,0,0,0,101472
1351,-756.25383,46,0,0,0,0,0,0,0,101480
1352,-586.045651,27,0,0,0,0,0,0,0,101560
1353,-974.752756,23,0,0,0,0,0,0,0,101656
1354,-1110.74895,50,0,0,0,0,0,0,0,101664
1355,-995.079819,46,0,0,0,0,0,0,0,101720
1356,-945.711826,45,0,0,0,0,0,0,0,101736
1357,-701.34086,43,0,0,0,0,0,0,0,101736
1358,-845.86329,43,0,0,0,0,0,0,0,101760
1359,-539.598261,28,0,0,0,0,0,0,0,101784
1360,-1033.987735,45,0,0,0,0,0,0,0,101840
1361,-927.451993,32,0,0,0,0,0,0,0,101976
1362,-963.978296,43,0,0,0,0,0,0,0,102000
1363,-928.314893,47,0,0,0,0,0,0,0,102040
1364,-807.602444,37,0,0,0,0,0,0,0,102056
1365,-874.19577,41,0,0,0,0,0,0,0,102064
1366,-900.037915,42,0,0,0,0,0,0,0,102072
1367,-949.055072,40,0,0,0,0,0,0,0,102160
1368,-813.963077,50,0,0,0,0,0,0,0,102184
1369,-987.281381,43,0,0,0,0,0,0,0,102320
1370,-894.156479,46,0,0,0,0,0,0,0,102368
1371,-1097.054556,45,0,0,0,0,0,0,0,102424
1372,-818.532306,50,0,0,0,0,0,0,0,102440
1373,-1119.370197,50,0,0,0,0,0,0,0,102456
1374,-543.826559,39,0,0,0,0,0,0,0,102472
1375,-883.283508,51,0,0,0,0,0,0,0,102480
1376,-1086.114008,43,0,0,0,0,0,0,0,102528
1377,-731.538986,31,0,0,0,0,0,0,0,102616
1378,-922.384717,32,0,0,0,0,0,0,0,102680
1379,-1088.777164,30,0,0,0,0,0,0,0,102696
1380,-606.512186,33,0,0,0,0,0,0,0,102736
1381,-1217.458975,59,0,0,0,0,0,0,0,102792
1382,-1108.336215,50,0,0,0,0,0,0,0,102840
1383,-818.616647,50,0,0,0,0,0,0,0,102880
1384,-880.742282,50,0,0,0,0,0,0,0,102928
1385,-720.34584,31,0,0,0,0,0,0,0,102928
1386,-990.161447,33,0,0,0,0,0,0,0,102960
1387,-866.299945,30,0,0,0,0,0,0,0,102976
1388,-811.470181,50,0,0,0,0,0,0,0,103016
1389,-821.01376,42,0,0,0,0,0,0,0,103176
1390,-879.746906,50,0,0,0,0,0,0,0,103192
1391,-1139.294086,40,0,0,0,0,0,0,0,103200
1392,-943.793454,37,0,0,0,0,0,0,0,103272
1393,-1024.942154,46,0,0,0,0,0,0,0,103296
1394,-901.598434,41,0,0,0,0,0,0,0,103344
1395,-816.57666,21,0,0,0,0,0,0,0,103368
1396,-1203.089124,56,0,0,0,0,0,0,0,103408
1397,-881.652066,62,0,0,0,0,0,0,0,103424
1398,-737.303207,21,0,0,0,0,0,0,0,103464
1399,-534.627026,17,0,0,0,0,0,0,0,103480
1400,-848.763309,45,0,0,0,0,0,0,0,103536
1401,-857.509991,42,0,0,0,0,0,0,0,103608
1402,-1164.745703,62,0,0,0,0,0,0,0,103688
1403,-919.781857,42,0,0,0,0,0,0,0,103704
1404,-881.858737,50,0,0,0,0,0,0,0,103808
1405,-819.346576,50,0,0,0,0,0,0,0,103824
1406,-1058.282886,50,0,0,0,0,0,0,0,103864
1407,-789.328445,51,0,0,0,0,0,0,0,103944
1408,-924.965634,42,0,0,0,0,0,0,0,103944
1409,-799.936679,65,0,0,0,0,0,0,0,104000
1410,-957.869302,33,0,0,0,0,0,0,0,104088
1411,-818.829321,50,0,0,0,0,0,0,0,104088
1412,-982.911652,41,0,0,0,0,0,0,0,104192
1413,-817.263666,28,0,0,0,0,0,0,0,104224
1414,-941.839517,43,0,0,0,0,0,0,0,104288
1415,-1175.487189,78,0,0,0,0,0,0,0,104328
1416,-990.873441,67,0,0,0,0,0,0,0,104344
1417,-807.503171,42,0,0,0,0,0,0,0,104424
1418,-1052.143036,63,0,0,0,0,0,0,0,104448
1419,-819.188556,50,0,0,0,0,0,0,0,104488
1420,-416.94361,19,0,0,0,0,0,0,0,104496
1421,-926.104428,42,0,0,0,0,0,0,0,104528
1422,-249.07106,16,0,0,0,0,0,0,0,104616
1423,-819.887436,50,0,0,0,0,0,0,0,104624
1424,-1076.145911,39,0,0,0,0,0,0,0,104640
1425,-871.363367,33,0,0,0,0,0,0,0,104688
1426,-821.220584,50,0,0,0,0,0,0,0,104688
1427,-730.870438,31,0,0,0,0,0,0,0,104776
1428,-594.367838,23,0,0,0,0,0,0,0,104800
1429,-946.442007,44,0,0,0,0,0,0,0,104848
1430,-1093.554871,59,0,0,0,0,0,0,0,104920
1431,-669.385831,22,0,0,0,0,0,0,0,104952
1432,-865.938898,43,0,0,0,0,0,0,0,104984
1433,-256.512018,28,0,0,0,0,0,0,0,105024
1434,-1118.129745,50,0,0,0,0,0,0,0,105024
1435,-959.957538,45,0,0,0,0,0,0,0,105048
1436,-1084.039099,49,0,0,0,0,0,0,0,105080
1437,-804.505545,29,0,0,0,0,0,0,0,105152
1438,-1009.683676,24,0,0,0,0,0,0,0,105176
1439,-922.19212,32,0,0,0,0,0,0,0,105208
1440,-818.214145,50,0,0,0,0,0,0,0,105248
1441,-558.831354,28,0,0,0,0,0,0,0,105248
1442,-587.813077,32,0,0,0,0,0,0,0,105336
1443,-868.857419,37,0,0,0,0,0,0,0,105344
1444,-678.822266,31,0,0,0,0,0,0,0,105456
1445,-632.79722,43,0,0,0,0,0,0,0,105496
1446,-711.865585,61,0,0,0,0,0,0,0,105512
1447,-758.151044,42,0,0,0,0,0,0,0,105584
1448,-880.09762,43,0,0,0,0,0,0,0,105592
1449,-688.203189,35,0,0,0,0,0,0,0,105616
1450,-666.637952,27,0,0,0,0,0,0,0,105728
1451,-1263.060745,71,0,0,0,0,0,0,0,105744
1452,-615.576483,44,0,0,0,0,0,0,0,105808
1453,-733.177039,34,0,0,0,0,0,0,0,105888
1454,-323.000458,21,0,0,0,0,0,0,0,105896
1455,-896.721564,74,0,0,0,0,0,0,0,105936
1456,-859.064114,60,0,0,0,0,0,0,0,105976
1457,-820.212421,50,0,0,0,0,0,0,0,105984
1458,-879.640085,50,0,0,0,0,0,0,0,105992
1459,-878.293036,50,0,0,0,0,0,0,0,106144
1460,-685.950821,26,0,0,0,0,0,0,0,106184
1461,-1063.589984,25,0,0,0,0,0,0,0,106192
1462,-1000.966373,50,0,0,0,0,0,0,0,106208
1463,-950.241922,43,0,0,0,0,0,0,0,106232
1464,-989.650955,46,0,0,0,0,0,0,0,106264
1465,-838.317804,43,0,0,0,0,0,0,0,106280
1466,-912.112634,43,0,0,0,0,0,0,0,106328
1467,-967.831921,42,0,0,0,0,0,0,0,106528
1468,-1035.465295,50,0,0,0,0,0,0,0,106544
1469,-724.856534,42,0,0,0,0,0,0,0,106544
1470,-996.552921,50,0,0,0,0,0,0,0,106632
1471,-912.578082,50,0,0,0,0,0,0,0,106664
1472,-680.757617,60,0,0,0,0,0,0,0,106664
1473,-819.6561,50,0,0,0,0,0,0,0,106680
1474,-1041.884903,46,0,0,0,0,0,0,0,106696
1475,-822.836771,23,0,0,0,0,0,0,0,106728
1476,-922.16824,32,0,0,0,0,0,0,0,106800
1477,-800.60943,38,0,0,0,0,0,0,0,106832
1478,-871.044226,29,0,0,0,0,0,0,0,106896
1479,-708.05181,34,0,0,0,0,0,0,0,106936
1480,-761.226407,42,0,0,0,0,0,0,0,106968
1481,-950.762827,38,0,0,0,0,0,0,0,106984
1482,-547.335138,28,0,0,0,0,0,0,0,107056
1483,-916.946817,48,0,0,0,0,0,0,0,107080
1484,-812.469653,50,0,0,0,0,0,0,0,107128
1485,-817.099323,40,0,0,0,0,0,0,0,107216
1486,-773.004782,29,0,0,0,0,0,0,0,107216
1487,-923.462476,32,0,0,0,0,0,0,0,107224
1488,-1166.471542,60,0,0,0,0,0,0,0,107280
1489,-915.222266,44,0,0,0,0,0,0,0,107288
1490,-482.847552,30,0,0,0,0,0,0,0,107464
1491,-997.387921,50,0,0,0,0,0,0,0,107480
1492,-819.037296,50,0,0,0,0,0,0,0,107528
1493,-273.034546,41,0,0,0,0,0,0,0,107544
1494,-819.824466,50,0,0,0,0,0,0,0,107616
1495,-993.956067,72,0,0,0,0,0,0,0,107632
1496,-704.8147,25,0,0,0,0,0,0,0,107664
1497,-1006.570178,50,0,0,0,0,0,0,0,107680
1498,-1120.406467,50,0,0,0,0,0,0,0,107688
1499,-620.450714,26,0,0,0,0,0,0,0,107736
1500,-946.222714,37,0,0,0,0,0,0,0,107776
1501,-684.617291,32,0,0,0,0,0,0,0,107888
1502,-886.667215,28,0,0,0,0,0,0,0,107904
1503,-527.90773,46,0,0,0,0,0,0,0,107912
1504,-926.013077,46,0,0,0,0,0,0,0,107984
1505,-637.232568,43,0,0,0,0,0,0,0,108008
1506,-902.298047,32,0,0,0,0,0,0,0,108032
1507,-958.140793,46,0,0,0,0,0,0,0,108056
1508,-326.25657,18,0,0,0,0,0,0,0,108128
1509,-717.909784,28,0,0,0,0,0,0,0,108136
1510,-631.635559,51,0,0,0,0,0,0,0,108144
1511,-775.07168,48,0,0,0,0,0,0,0,108272
1512,-904.539105,32,0,0,0,0,0,0,0,108288
1513,-819.22507,50,0,0,0,0,0,0,0,108304
1514,-421.207382,26,0,0,0,0,0,0,0,108344
1515,-615.03176,34,0,0,0,0,0,0,0,108400
1516,-998.520038,50,0,0,0,0,0,0,0,108408
1517,-879.247824,50,0,0,0,0,0,0,0,108456
1518,-653.399377,43,0,0,0,0,0,0,0,108488
1519,-657.383405,27,0,0,0,0,0,0,0,108488
1520,-919.803738,32,0,0,0,0,0,0,0,108544
1521,-784.429764,26,0,0,0,0,0,0,0,108616
1522,-1071.160052,40,0,0,0,0,0,0,0,108664
1523,-591.804535,48,0,0,0,0,0,0,0,108688
1524,-847.968967,45,0,0,0,0,0,0,0,108760
1525,-871.249283,46,0,0,0,0,0,0,0,108856
1526,-1060.107089,50,0,0,0,0,0,0,0,108888
1527,-823.418109,45,0,0,0,0,0,0,0,108904
1528,-627.585187,42,0,0,0,0,0,0,0,108952
1529,-1228.291479,62,0,0,0,0,0,0,0,108952
1530,-952.643762,43,0,0,0,0,0,0,0,109032
1531,-820.443713,50,0,0,0,0,0,0,0,109064
1532,-770.13342,42,0,0,0,0,0,0,0,109096
1533,-716.823105,31,0,0,0,0,0,0,0,109104
1534,-951.130756,25,0,0,0,0,0,0,0,109104
1535,-892.231628,31,0,0,0,0,0,0,0,109200
1536,-558.225995,22,0,0,0,0,0,0,0,109280
1537,-820.168506,50,0,0,0,0,0,0,0,109288
1538,-370.134503,32,0,0,0,0,0,0,0,109288
1539,-921.121487,32,0,0,0,0,0,0,0,109352
1540,-816.931223,50,0,0,0,0,0,0,0,109352
1541,-621.712488,43,0,0,0,0,0,0,0,109408
1542,-642.403281,29,0,0,0,0,0,0,0,109512
1543,-1191.956018,53,0,0,0,0,0,0,0,109528
1544,-862.073996,24,0,0,0,0,0,0,0,109544
1545,-933.391827,32,0,0,0,0,0,0,0,109544
1546,-809.599912,50,0,0,0,0,0,0,0,109688
1547,-599.606409,43,0,0,0,0,0,0,0,109696
1548,-656.204932,64,0,0,0,0,0,0,0,109712
1549,-819.664172,50,0,0,0,0,0,0,0,109808
1550,-1119.854251,50,0,0,0,0,0,0,0,109928
1551,-940.304858,50,0,0,0,0,0,0,0,109944
1552,-1125.12529,50,0,0,0,0,0,0,0,109944
1553,-1032.742453,64,0,0,0,0,0,0,0,110024
1554,-999.754932,50,0,0,0,0,0,0,0,110112
1555,-943.95336,24,0,0,0,0,0,0,0,110120
1556,-507.883884,60,0,0,0,0,0,0,0,110176
1557,-917.904691,32,0,0,0,0,0,0,0,110200
1558,-818.56232,50,0,0,0,0,0,0,0,110208
1559,-1001.766086,50,0,0,0,0,0,0,0,110344
1560,-846.836649,28,0,0,0,0,0,0,0,110400
1561,-1080.982666,26,0,0,0,0,0,0,0,110408
1562,-797.948511,43,0,0,0,0,0,0,0,110464
1563,-558.626202,32,0,0,0,0,0,0,0,110464
1564,-1022.287003,46,0,0,0,0,0,0,0,110480
1565,-825.88721,60,0,0,0,0,0,0,0,110504
1566,-703.144421,119,0,0,0,0,0,0,0,110640
1567,-583.449722,36,0,0,0,0,0,0,0,110688
1568,-654.541397,26,0,0,0,0,0,0,0,110712
1569,-1044.619693,50,0,0,0,0,0,0,0,110744
1570,-818.93056,50,0,0,0,0,0,0,0,110808
1571,-1055.794592,49,0,0,0,0,0,0,0,110856
1572,-1118.745105,50,0,0,0,0,0,0,0,110864
1573,-817.887897,50,0,0,0,0,0,0,0,110880
1574,-855.389529,35,0,0,0,0,0,0,0,110920
1575,-1077.594916,39,0,0,0,0,0,0,0,111056
1576,-614.048422,24,0,0,0,0,0,0,0,111056
1577,-1071.70553,33,0,0,0,0,0,0,0,111120
1578,-1125.200464,53,0,0,0,0,0,0,0,111136
1579,-999.484271,50,0,0,0,0,0,0,0,111208
1580,-1178.644708,68,0,0,0,0,0,0,0,111232
1581,-814.509277,46,0,0,0,0,0,0,0,111248
1582,-638.211673,45,0,0,0,0,0,0,0,111280
1583,-758.580115,29,0,0,0,0,0,0,0,111368
1584,-1161.848251,46,0,0,0,0,0,0,0,111424
1585,-819.083994,50,0,0,0,0,0,0,0,111456
1586,-640.598288,34,0,0,0,0,0,0,0,111504
1587,-999.598682,50,0,0,0,0,0,0,0,111608
1588,-924.667011,61,0,0,0,0,0,0,0,111608
1589,-830.394043,46,0,0,0,0,0,0,0,111616
1590,-870.300195,33,0,0,0,0,0,0,0,111632
1591,-934.466574,49,0,0,0,0,0,0,0,111672
1592,-1058.699893,35,0,0,0,0,0,0,0,111784
1593,-1104.76741,46,0,0,0,0,0,0,0,111792
1594,-663.888177,23,0,0,0,0,0,0,0,111792
1595,-531.601651,22,0,0,0,0,0,0,0,111808
1596,-998.765628,45,0,0,0,0,0,0,0,111816
1597,-582.283121,33,0,0,0,0,0,0,0,111936
1598,-736.701212,43,0,0,0,0,0,0,0,111960
1599,-866.857446,18,0,0,0,0,0,0,0,111960
1600,-1110.536523,48,0,0,0,0,0,0,0,111992
1601,-575.388165,27,0,0,0,0,0,0,0,112000
1602,-1059.798084,50,0,0,0,0,0,0,0,112192
1603,-540.599158,29,0,0,0,0,0,0,0,112224
1604,-702.415744,35,0,0,0,0,0,0,0,112240
1605,-782.9715,60,0,0,0,0,0,0,0,112272
1606,-837.034305,45,0,0,0,0,0,0,0,112296
1607,-1046.103857,64,0,0,0,0,0,0,0,112320
1608,-754.249512,21,0,0,0,0,0,0,0,112360
1609,-879.606631,50,0,0,0,0,0,0,0,112360
1610,-701.349966,19,0,0,0,0,0,0,0,112392
1611,-822.48772,25,0,0,0,0,0,0,0,112496
1612,-1053.868613,64,0,0,0,0,0,0,0,112512
1613,-1114.463568,34,0,0,0,0,0,0,0,112544
1614,-292.735385,20,0,0,0,0,0,0,0,112552
1615,-816.154324,42,0,0,0,0,0,0,0,112560
1616,-902.540662,32,0,0,0,0,0,0,0,112576
1617,-738.27692,30,0,0,0,0,0,0,0,112600
1618,-724.07449,27,0,0,0,0,0,0,0,112760
1619,-1120.371967,50,0,0,0,0,0,0,0,112760
1620,-801.910394,33,0,0,0,0,0,0,0,112840
1621,-859.011707,45,0,0,0,0,0,0,0,112856
1622,-1044.824478,46,0,0,0,0,0,0,0,112880
1623,-966.403531,42,0,0,0,0,0,0,0,112936
1624,-726.524545,57,0,0,0,0,0,0,0,113008
1625,-899.795673,65,0,0,0,0,0,0,0,113080
1626,-905.83974,45,0,0,0,0,0,0,0,113120
1627,-629.532187,24,0,0,0,0,0,0,0,113128
1628,-893.264792,39,0,0,0,0,0,0,0,113152
1629,-1130.924051,38,0,0,0,0,0,0,0,113160
1630,-818.477063,42,0,0,0,0,0,0,0,113216
1631,-1013.667194,25,0,0,0,0,0,0,0,113320
1632,-470.769012,26,0,0,0,0,0,0,0,113360
1633,-898.026837,32,0,0,0,0,0,0,0,113384
1634,-1016.557764,78,0,0,0,0,0,0,0,113384
1635,-1046.127942,47,0,0,0,0,0,0,0,113384
1636,-726.907257,46,0,0,0,0,0,0,0,113448
1637,-484.980594,30,0,0,0,0,0,0,0,113456
1638,-1180.691302,50,0,0,0,0,0,0,0,113560
1639,-798.977341,26,0,0,0,0,0,0,0,113592
1640,-637.075616,28,0,0,0,0,0,0,0,113672
1641,-931.771832,32,0,0,0,0,0,0,0,113712
1642,-816.108456,50,0,0,0,0,0,0,0,113760
1643,-818.844595,50,0,0,0,0,0,0,0,113784
1644,-923.000882,53,0,0,0,0,0,0,0,113808
1645,-908.125531,32,0,0,0,0,0,0,0,113816
1646,-809.868344,42,0,0,0,0,0,0,0,113928
1647,-1194.267587,80,0,0,0,0,0,0,0,113960
1648,-770.310831,28,0,0,0,0,0,0,0,113984
1649,-964.927744,42,0,0,0,0,0,0,0,114008
1650,-402.12193,37,0,0,0,0,0,0,0,114008
1651,-647.696771,43,0,0,0,0,0,0,0,114152
1652,-1059.610751,50,0,0,0,0,0,0,0,114216
1653,-1100.523416,43,0,0,0,0,0,0,0,114272
1654,-641.487161,43,0,0,0,0,0,0,0,114304
1655,-877.525964,68,0,0,0,0,0,0,0,114328
1656,-878.082056,43,0,0,0,0,0,0,0,114328
1657,-887.284662,48,0,0,0,0,0,0,0,114392
1658,-667.726105,21,0,0,0,0,0,0,0,114496
1659,-1119.680469,50,0,0,0,0,0,0,0,114552
1660,-709.73042,42,0,0,0,0,0,0,0,114640
1661,-1119.773318,50,0,0,0,0,0,0,0,114672
1662,-1178.554013,84,0,0,0,0,0,0,0,114680
1663,-755.991757,42,0,0,0,0,0,0,0,114728
1664,-819.352744,50,0,0,0,0,0,0,0,114728
1665,-708.42323,22,0,0,0,0,0,0,0,114728
1666,-1105.045657,76,0,0,0,0,0,0,0,114824
1667,-682.293213,31,0,0,0,0,0,0,0,114888
1668,-819.340198,50,0,0,0,0,0,0,0,114896
1669,-712.671332,24,0,0,0,0,0,0,0,114920
1670,-787.103772,32,0,0,0,0,0,0,0,114984
1671,-956.114911,42,0,0,0,0,0,0,0,115016
1672,-682.417599,42,0,0,0,0,0,0,0,115064
1673,-818.477664,50,0,0,0,0,0,0,0,115072
1674,-877.980014,35,0,0,0,0,0,0,0,115104
1675,-853.324356,21,0,0,0,0,0,0,0,115232
1676,-688.94559,45,0,0,0,0,0,0,0,115256
1677,-561.300674,36,0,0,0,0,0,0,0,115272
1678,-1058.72583,50,0,0,0,0,0,0,0,115288
1679,-567.175305,27,0,0,0,0,0,0,0,115288
1680,-724.321533,31,0,0,0,0,0,0,0,115352
1681,-981.880478,46,0,0,0,0,0,0,0,115384
1682,-1154.481027,73,0,0,0,0,0,0,0,115504
1683,-831.952655,45,0,0,0,0,0,0,0,115592
1684,-819.213489,50,0,0,0,0,0,0,0,115656
1685,-820.477618,50,0,0,0,0,0,0,0,115672
1686,-1000.80054,50,0,0,0,0,0,0,0,115688
1687,-1131.743036,53,0,0,0,0,0,0,0,115712
1688,-940.762347,45,0,0,0,0,0,0,0,115712
1689,-930.07666,56,0,0,0,0,0,0,0,115832
1690,-704.317468,43,0,0,0,0,0,0,0,115848
1691,-736.855084,27,0,0,0,0,0,0,0,115928
1692,-818.425998,50,0,0,0,0,0,0,0,115992
1693,-908.44592,42,0,0,0,0,0,0,0,116008
1694,-949.282788,42,0,0,0,0,0,0,0,116024
1695,-733.407181,46,0,0,0,0,0,0,0,116024
1696,-818.752567,50,0,0,0,0,0,0,0,116112
1697,-1085.515933,40,0,0,0,0,0,0,0,116168
1698,-818.582889,50,0,0,0,0,0,0,0,116232
1699,-1028.191678,42,0,0,0,0,0,0,0,116264
1700,-377.666296,34,0,0,0,0,0,0,0,116384
1701,-967.573474,45,0,0,0,0,0,0,0,116384
1702,-863.378168,48,0,0,0,0,0,0,0,116392
1703,-1094.747073,50,0,0,0,0,0,0,0,116392
1704,-773.147891,50,0,0,0,0,0,0,0,116424
1705,-715.517651,42,0,0,0,0,0,0,0,116504
1706,-322.929749,31,0,0,0,0,0,0,0,116512
1707,-999.094363,50,0,0,0,0,0,0,0,116632
1708,-1041.801773,31,0,0,0,0,0,0,0,116632
1709,-699.517288,31,0,0,0,0,0,0,0,116640
1710,-986.888229,46,0,0,0,0,0,0,0,116752
1711,-966.777081,42,0,0,0,0,0,0,0,116760
1712,-817.411649,50,0,0,0,0,0,0,0,116792
1713,-780.737796,40,0,0,0,0,0,0,0,116832
1714,-971.081467,26,0,0,0,0,0,0,0,116840
1715,-819.492068,50,0,0,0,0,0,0,0,116904
1716,-1082.55542,41,0,0,0,0,0,0,0,116960
1717,-880.076328,50,0,0,0,0,0,0,0,117040
1718,-603.609564,34,0,0,0,0,0,0,0,117064
1719,-993.984833,46,0,0,0,0,0,0,0,117120
1720,-1007.968246,46,0,0,0,0,0,0,0,117128
1721,-1008.370853,40,0,0,0,0,0,0,0,117152
1722,-648.2293,29,0,0,0,0,0,0,0,117192
1723,-1039.963519,45,0,0,0,0,0,0,0,117200
1724,-773.399377,43,0,0,0,0,0,0,0,117248
1725,-679.397653,33,0,0,0,0,0,0,0,117304
1726,-485.170209,22,0,0,0,0,0,0,0,117328
1727,-913.419461,32,0,0,0,0,0,0,0,117448
1728,-605.86564,43,0,0,0,0,0,0,0,117472
1729,-684.886609,52,0,0,0,0,0,0,0,117480
1730,-798.282605,37,0,0,0,0,0,0,0,117496
1731,-879.717075,50,0,0,0,0,0,0,0,117520
1732,-968.054376,38,0,0,0,0,0,0,0,117552
1733,-908.971783,42,0,0,0,0,0,0,0,117640
1734,-819.93143,50,0,0,0,0,0,0,0,117728
1735,-523.738971,30,0,0,0,0,0,0,0,117760
1736,-848.263208,43,0,0,0,0,0,0,0,117792
1737,-578.340207,52,0,0,0,0,0,0,0,117896
1738,-762.665601,42,0,0,0,0,0,0,0,117976
1739,-963.045795,65,0,0,0,0,0,0,0,117992
1740,-862.998853,57,0,0,0,0,0,0,0,118008
1741,-781.475168,43,0,0,0,0,0,0,0,118072
1742,-819.409869,50,0,0,0,0,0,0,0,118160
1743,-813.721591,20,0,0,0,0,0,0,0,118168
1744,-808.314105,50,0,0,0,0,0,0,0,118192
1745,-1242.459921,88,0,0,0,0,0,0,0,118200
1746,-367.709192,28,0,0,0,0,0,0,0,118216
1747,-742.425656,42,0,0,0,0,0,0,0,118232
1748,-645.18504,27,0,0,0,0,0,0,0,118288
1749,-1033.509906,45,0,0,0,0,0,0,0,118336
1750,-818.220645,50,0,0,0,0,0,0,0,118560
1751,-819.784366,50,0,0,0,0,0,0,0,118568
1752,-818.763568,50,0,0,0,0,0,0,0,118592
1753,-820.366138,50,0,0,0,0,0,0,0,118600
1754,-817.884357,50,0,0,0,0,0,0,0,118616
1755,-817.64249,50,0,0,0,0,0,0,0,118632
1756,-796.656305,38,0,0,0,0,0,0,0,118640
1757,-805.477771,45,0,0,0,0,0,0,0,118648
1758,-634.775821,35,0,0,0,0,0,0,0,118840
1759,-686.38642,29,0,0,0,0,0,0,0,118848
1760,-593.415326,32,0,0,0,0,0,0,0,118856
1761,-998.668475,50,0,0,0,0,0,0,0,118992
1762,-886.091663,45,0,0,0,0,0,0,0,118992
1763,-1045.047778,50,0,0,0,0,0,0,0,119048
1764,-883.876111,67,0,0,0,0,0,0,0,119104
1765,-911.373279,60,0,0,0,0,0,0,0,119120
1766,-494.460123,38,0,0,0,0,0,0,0,119144
1767,-954.077725,42,0,0,0,0,0,0,0,119184
1768,-716.893811,42,0,0,0,0,0,0,0,119192
1769,-811.551285,26,0,0,0,0,0,0,0,119312
1770,-859.749094,43,0,0,0,0,0,0,0,119336
1771,-593.326224,24,0,0,0,0,0,0,0,119376
1772,-818.74332,50,0,0,0,0,0,0,0,119392
1773,-810.528439,50,0,0,0,0,0,0,0,119520
1774,-1096.548422,59,0,0,0,0,0,0,0,119520
1775,-806.703485,43,0,0,0,0,0,0,0,119536
1776,-1121.175128,50,0,0,0,0,0,0,0,119544
1777,-908.061578,33,0,0,0,0,0,0,0,119576
1778,-865.892535,30,0,0,0,0,0,0,0,119616
1779,-638.423703,42,0,0,0,0,0,0,0,119672
1780,-950.399545,43,0,0,0,0,0,0,0,119736
1781,-866.966882,48,0,0,0,0,0,0,0,119904
1782,-818.34624,50,0,0,0,0,0,0,0,119920
1783,-1117.364282,50,0,0,0,0,0,0,0,119944
1784,-1011.652466,46,0,0,0,0,0,0,0,119944
1785,-1190.893082,53,0,0,0,0,0,0,0,119960
1786,-691.618088,51,0,0,0,0,0,0,0,120024
1787,-503.647791,23,0,0,0,0,0,0,0,120104
1788,-786.394083,63,0,0,0,0,0,0,0,120176
1789,-888.93974,42,0,0,0,0,0,0,0,120240
1790,-997.983615,65,0,0,0,0,0,0,0,120256
1791,-1015.063953,40,0,0,0,0,0,0,0,120264
1792,-762.6853,42,0,0,0,0,0,0,0,120280
1793,-999.649356,50,0,0,0,0,0,0,0,120360
1794,-1147.388971,51,0,0,0,0,0,0,0,120432
1795,-989.956229,24,0,0,0,0,0,0,0,120456
1796,-997.923892,50,0,0,0,0,0,0,0,120504
1797,-1037.244662,30,0,0,0,0,0,0,0,120520
1798,-1043.496179,43,0,0,0,0,0,0,0,120520
1799,-750.402744,25,0,0,0,0,0,0,0,120560
1800,-964.75488,42,0,0,0,0,0,0,0,120576
1801,-816.715836,50,0,0,0,0,0,0,0,120656
1802,-957.499475,43,0,0,0,0,0,0,0,120776
1803,-701.519879,32,0,0,0,0,0,0,0,120776
1804,-580.900497,41,0,0,0,0,0,0,0,120784
1805,-747.463101,47,0,0,0,0,0,0,0,120880
1806,-818.512546,50,0,0,0,0,0,0,0,120920
1807,-954.957117,38,0,0,0,0,0,0,0,120960
1808,-819.677463,50,0,0,0,0,0,0,0,120976
1809,-1084.364975,56,0,0,0,0,0,0,0,121008
1810,-668.398575,21,0,0,0,0,0,0,0,121128
1811,-999.33295,50,0,0,0,0,0,0,0,121176
1812,-818.584262,50,0,0,0,0,0,0,0,121184
1813,-947.461179,52,0,0,0,0,0,0,0,121192
1814,-827.461542,43,0,0,0,0,0,0,0,121224
1815,-1061.747003,33,0,0,0,0,0,0,0,121272
1816,-698.973331,45,0,0,0,0,0,0,0,121280
1817,-649.495648,22,0,0,0,0,0,0,0,121304
1818,-931.977023,45,0,0,0,0,0,0,0,121336
1819,-360.707675,30,0,0,0,0,0,0,0,121416
1820,-823.919336,28,0,0,0,0,0,0,0,121416
1821,-556.523373,32,0,0,0,0,0,0,0,121440
1822,-453.421405,30,0,0,0,0,0,0,0,121464
1823,-294.610004,25,0,0,0,0,0,0,0,121480
1824,-583.641586,16,0,0,0,0,0,0,0,121544
1825,-998.65004,50,0,0,0,0,0,0,0,121672
1826,-1116.451236,50,0,0,0,0,0,0,0,121704
1827,-817.177829,50,0,0,0,0,0,0,0,121736
1828,-890.247913,45,0,0,0,0,0,0,0,121800
1829,-820.341464,50,0,0,0,0,0,0,0,121816
1830,-998.983401,50,0,0,0,0,0,0,0,121880
1831,-746.116861,58,0,0,0,0,0,0,0,121928
1832,-1060.065295,50,0,0,0,0,0,0,0,121944
1833,-817.962192,50,0,0,0,0,0,0,0,122072
1834,-763.889908,21,0,0,0,0,0,0,0,122096
1835,-818.952426,50,0,0,0,0,0,0,0,122104
1836,-879.421725,50,0,0,0,0,0,0,0,122136
1837,-870.292282,46,0,0,0,0,0,0,0,122168
1838,-910.405994,45,0,0,0,0,0,0,0,122176
1839,-912.065564,42,0,0,0,0,0,0,0,122280
1840,-987.27742,21,0,0,0,0,0,0,0,122304
1841,-1210.768442,58,0,0,0,0,0,0,0,122344
1842,-902.9436,32,0,0,0,0,0,0,0,122360
1843,-931.191028,45,0,0,0,0,0,0,0,122432
1844,-1155.416235,44,0,0,0,0,0,0,0,122448
1845,-778.920593,50,0,0,0,0,0,0,0,122568
1846,-816.658801,50,0,0,0,0,0,0,0,122576
1847,-741.550885,22,0,0,0,0,0,0,0,122624
1848,-614.76539,43,0,0,0,0,0,0,0,122648
1849,-1060.613391,50,0,0,0,0,0,0,0,122680
1850,-920.308835,32,0,0,0,0,0,0,0,122688
1851,-858.553333,45,0,0,0,0,0,0,0,122720
1852,-818.222415,50,0,0,0,0,0,0,0,122744
1853,-905.939481,22,0,0,0,0,0,0,0,122752
1854,-712.587546,24,0,0,0,0,0,0,0,122872
1855,-819.433139,50,0,0,0,0,0,0,0,122968
1856,-961.415485,45,0,0,0,0,0,0,0,122984
1857,-1081.684598,42,0,0,0,0,0,0,0,122984
1858,-847.981073,33,0,0,0,0,0,0,0,123016
1859,-706.647855,42,0,0,0,0,0,0,0,123080
1860,-821.282367,50,0,0,0,0,0,0,0,123088
1861,-450.965308,29,0,0,0,0,0,0,0,123104
1862,-1059.570255,50,0,0,0,0,0,0,0,123120
1863,-462.527689,23,0,0,0,0,0,0,0,123152
1864,-842.571811,30,0,0,0,0,0,0,0,123224
1865,-634.231165,18,0,0,0,0,0,0,0,123224
1866,-984.427646,45,0,0,0,0,0,0,0,123344
1867,-882.75972,36,0,0,0,0,0,0,0,123392
1868,-819.572559,50,0,0,0,0,0,0,0,123416
1869,-816.993307,50,0,0,0,0,0,0,0,123488
1870,-818.002237,50,0,0,0,0,0,0,0,123520
1871,-1083.211182,41,0,0,0,0,0,0,0,123552
1872,-1097.309503,50,0,0,0,0,0,0,0,123552
1873,-887.218073,43,0,0,0,0,0,0,0,123568
1874,-794.396292,44,0,0,0,0,0,0,0,123696
1875,-809.340625,20,0,0,0,0,0,0,0,123712
1876,-829.370178,26,0,0,0,0,0,0,0,123760
1877,-813.034778,50,0,0,0,0,0,0,0,123792
1878,-818.298019,50,0,0,0,0,0,0,0,123816
1879,-922.725034,32,0,0,0,0,0,0,0,123824
1880,-768.449854,43,0,0,0,0,0,0,0,123832
1881,-821.39657,53,0,0,0,0,0,0,0,123944
1882,-769.194168,36,0,0,0,0,0,0,0,124000
1883,-861.864682,32,0,0,0,0,0,0,0,124016
1884,-348.757693,25,0,0,0,0,0,0,0,124032
1885,-998.641834,50,0,0,0,0,0,0,0,124096
1886,-998.086002,40,0,0,0,0,0,0,0,124144
1887,-1036.502826,45,0,0,0,0,0,0,0,124176
1888,-998.882983,50,0,0,0,0,0,0,0,124192
1889,-940.79343,50,0,0,0,0,0,0,0,124344
1890,-781.389902,23,0,0,0,0,0,0,0,124360
1891,-990.590494,33,0,0,0,0,0,0,0,124360
1892,-894.132504,32,0,0,0,0,0,0,0,124400
1893,-812.360446,50,0,0,0,0,0,0,0,124400
1894,-1118.35939,50,0,0,0,0,0,0,0,124416
1895,-1119.397922,50,0,0,0,0,0,0,0,124432
1896,-470.585361,30,0,0,0,0,0,0,0,124600
1897,-695.922382,25,0,0,0,0,0,0,0,124632
1898,-1042.807919,63,0,0,0,0,0,0,0,124696
1899,-957.279834,40,0,0,0,0,0,0,0,124720
1900,-1045.876331,50,0,0,0,0,0,0,0,124744
1901,-817.369769,50,0,0,0,0,0,0,0,124760
1902,-968.094644,48,0,0,0,0,0,0,0,124800
1903,-817.628864,50,0,0,0,0,0,0,0,124800
1904,-718.042877,31,0,0,0,0,0,0,0,124848
1905,-998.678195,50,0,0,0,0,0,0,0,125032
1906,-819.281131,50,0,0,0,0,0,0,0,125096
1907,-1059.840793,50,0,0,0,0,0,0,0,125120
1908,-549.426767,48,0,0,0,0,0,0,0,125128
1909,-947.633282,52,0,0,0,0,0,0,0,125176
1910,-810.757416,50,0,0,0,0,0,0,0,125200
1911,-1000.54584,50,0,0,0,0,0,0,0,125200
1912,-1120.349475,50,0,0,0,0,0,0,0,125248
1913,-615.140378,32,0,0,0,0,0,0,0,125352
1914,-738.572345,30,0,0,0,0,0,0,0,125368
1915,-680.349445,25,0,0,0,0,0,0,0,125400
1916,-540.277493,37,0,0,0,0,0,0,0,125416
1917,-730.916098,49,0,0,0,0,0,0,0,125424
1918,-819.357578,50,0,0,0,0,0,0,0,125576
1919,-677.818933,43,0,0,0,0,0,0,0,125592
1920,-1061.456531,50,0,0,0,0,0,0,0,125600
1921,-1102.129623,31,0,0,0,0,0,0,0,125616
1922,-1086.627774,32,0,0,0,0,0,0,0,125656
1923,-926.215259,40,0,0,0,0,0,0,0,125672
1924,-879.339368,42,0,0,0,0,0,0,0,125760
1925,-690.494601,25,0,0,0,0,0,0,0,125792
1926,-882.518701,48,0,0,0,0,0,0,0,125800
1927,-901.214124,32,0,0,0,0,0,0,0,125912
1928,-301.331583,33,0,0,0,0,0,0,0,125936
1929,-1099.25304,45,0,0,0,0,0,0,0,125960
1930,-1077.023489,54,0,0,0,0,0,0,0,126008
1931,-999.710483,50,0,0,0,0,0,0,0,126016
1932,-970.859235,27,0,0,0,0,0,0,0,126016
1933,-974.700726,22,0,0,0,0,0,0,0,126112
1934,-775.822125,42,0,0,0,0,0,0,0,126128
1935,-985.461102,27,0,0,0,0,0,0,0,126128
1936,-866.800879,29,0,0,0,0,0,0,0,126240
1937,-534.434454,49,0,0,0,0,0,0,0,126352
1938,-612.660501,43,0,0,0,0,0,0,0,126360
1939,-1226.731131,76,0,0,0,0,0,0,0,126368
1940,-729.840927,31,0,0,0,0,0,0,0,126376
1941,-878.329187,43,0,0,0,0,0,0,0,126456
1942,-709.226682,22,0,0,0,0,0,0,0,126544
1943,-1203.15712,56,0,0,0,0,0,0,0,126576
1944,-890.057831,31,0,0,0,0,0,0,0,126624
1945,-931.54863,36,0,0,0,0,0,0,0,126648
1946,-1005.73071,81,0,0,0,0,0,0,0,126664
1947,-1085.159592,57,0,0,0,0,0,0,0,126696
1948,-949.841379,43,0,0,0,0,0,0,0,126800
1949,-627.163248,28,0,0,0,0,0,0,0,126800
1950,-813.722668,62,0,0,0,0,0,0,0,126848
1951,-747.438034,26,0,0,0,0,0,0,0,126856
1952,-811.742502,38,0,0,0,0,0,0,0,126928
1953,-819.490619,50,0,0,0,0,0,0,0,126944
1954,-924.226273,46,0,0,0,0,0,0,0,127064
1955,-1000.997897,50,0,0,0,0,0,0,0,127064
1956,-767.732855,29,0,0,0,0,0,0,0,127160
1957,-803.408005,46,0,0,0,0,0,0,0,127168
1958,-894.099637,42,0,0,0,0,0,0,0,127192
1959,-817.933044,50,0,0,0,0,0,0,0,127200
1960,-754.478363,46,0,0,0,0,0,0,0,127216
1961,-791.882162,19,0,0,0,0,0,0,0,127216
1962,-778.618274,40,0,0,0,0,0,0,0,127264
1963,-607.427344,19,0,0,0,0,0,0,0,127368
1964,-593.466519,42,0,0,0,0,0,0,0,127400
1965,-456.452866,31,0,0,0,0,0,0,0,127448
1966,-739.289063,46,0,0,0,0,0,0,0,127536
1967,-819.274951,50,0,0,0,0,0,0,0,127560
1968,-814.941299,46,0,0,0,0,0,0,0,127584
1969,-818.665802,50,0,0,0,0,0,0,0,127592
1970,-817.137848,50,0,0,0,0,0,0,0,127664
1971,-778.373386,25,0,0,0,0,0,0,0,127760
1972,-880.994785,50,0,0,0,0,0,0,0,127768
1973,-924.81192,46,0,0,0,0,0,0,0,127768
1974,-903.586957,42,0,0,0,0,0,0,0,127784
1975,-1001.407428,50,0,0,0,0,0,0,0,127936
1976,-737.081589,26,0,0,0,0,0,0,0,127968
1977,-1056.659296,53,0,0,0,0,0,0,0,128008
1978,-858.441638,55,0,0,0,0,0,0,0,128104
1979,-887.31033,22,0,0,0,0,0,0,0,128144
1980,-744.493127,71,0,0,0,0,0,0,0,128160
1981,-1179.960849,50,0,0,0,0,0,0,0,128168
1982,-819.699619,50,0,0,0,0,0,0,0,128168
1983,-801.357617,57,0,0,0,0,0,0,0,128240
1984,-880.615054,50,0,0,0,0,0,0,0,128336
1985,-607.389276,43,0,0,0,0,0,0,0,128352
1986,-693.335672,43,0,0,0,0,0,0,0,128448
1987,-1120.550204,50,0,0,0,0,0,0,0,128560
1988,-818.185052,50,0,0,0,0,0,0,0,128568
1989,-1004.767734,45,0,0,0,0,0,0,0,128600
1990,-1040.52608,70,0,0,0,0,0,0,0,128704
1991,-1052.230777,50,0,0,0,0,0,0,0,128736
1992,-819.900473,50,0,0,0,0,0,0,0,128752
1993,-1006.865393,74,0,0,0,0,0,0,0,128760
1994,-1094.919089,44,0,0,0,0,0,0,0,128800
1995,-410.256827,29,0,0,0,0,0,0,0,128800
1996,-999.497272,50,0,0,0,0,0,0,0,128960
1997,-1101.697723,46,0,0,0,0,0,0,0,128968
1998,-1091.423593,33,0,0,0,0,0,0,0,129000
1999,-810.948074,46,0,0,0,0,0,0,0,129072
2000,-685.797186,49,0,0,0,0,0,0,0,129144
2001,-945.782306,45,0,0,0,0,0,0,0,129160
2002,-999.318118,50,0,0,0,0,0,0,0,129160
2003,-816.772028,50,0,0,0,0,0,0,0,129200
2004,-1008.845111,50,0,0,0,0,0,0,0,129360
2005,-877.984668,50,0,0,0,0,0,0,0,129368
2006,-820.958636,50,0,0,0,0,0,0,0,129400
2007,-931.931522,30,0,0,0,0,0,0,0,129400
2008,-704.101566,30,0,0,0,0,0,0,0,129440
2009,-753.401056,38,0,0,0,0,0,0,0,129448
2010,-970.885986,46,0,0,0,0,0,0,0,129528
2011,-595.65231,22,0,0,0,0,0,0,0,129544
2012,-1077.940308,61,0,0,0,0,0,0,0,129560
2013,-1024.757346,24,0,0,0,0,0,0,0,129592
2014,-699.448422,22,0,0,0,0,0,0,0,129616
2015,-913.26506,36,0,0,0,0,0,0,0,129648
2016,-982.052536,46,0,0,0,0,0,0,0,129768
2017,-608.436313,25,0,0,0,0,0,0,0,129792
2018,-614.650153,34,0,0,0,0,0,0,0,129800
2019,-951.237103,42,0,0,0,0,0,0,0,129880
2020,-462.177786,29,0,0,0,0,0,0,0,129880
2021,-879.797064,49,0,0,0,0,0,0,0,129952
2022,-840.945215,43,0,0,0,0,0,0,0,129960
2023,-882.391544,30,0,0,0,0,0,0,0,130008
2024,-979.271371,73,0,0,0,0,0,0,0,130032
2025,-1113.125891,34,0,0,0,0,0,0,0,130064
2026,-843.010861,32,0,0,0,0,0,0,0,130136
2027,-266.837335,33,0,0,0,0,0,0,0,130144
2028,-530.139398,28,0,0,0,0,0,0,0,130184
2029,-920.432767,32,0,0,0,0,0,0,0,130208
2030,-1025.884869,42,0,0,0,0,0,0,0,130368
2031,-1034.984647,74,0,0,0,0,0,0,0,130392
2032,-998.284637,50,0,0,0,0,0,0,0,130408
2033,-819.299091,50,0,0,0,0,0,0,0,130464
2034,-776.825604,42,0,0,0,0,0,0,0,130472
2035,-435.654599,37,0,0,0,0,0,0,0,130504
2036,-834.43519,43,0,0,0,0,0,0,0,130528
2037,-999.005832,50,0,0,0,0,0,0,0,130544
2038,-822.204434,27,0,0,0,0,0,0,0,130584
2039,-1037.525333,30,0,0,0,0,0,0,0,130648
2040,-1085.179364,27,0,0,0,0,0,0,0,130760
2041,-819.349371,50,0,0,0,0,0,0,0,130792
2042,-758.142206,28,0,0,0,0,0,0,0,130808
2043,-992.686749,47,0,0,0,0,0,0,0,130848
2044,-880.453113,50,0,0,0,0,0,0,0,130864
2045,-1011.175922,45,0,0,0,0,0,0,0,130864
2046,-1060.971988,50,0,0,0,0,0,0,0,130928
2047,-307.285764,22,0,0,0,0,0,0,0,130936
2048,-750.368918,24,0,0,0,0,0,0,0,131000
2049,-820.317859,50,0,0,0,0,0,0,0,131048
